Año,ID_ESTADO,NOMBRE_ESTADO,ID_MUNICIPIO,MUNICIPIO,Partido,Votos,NUM_VOTOS_VALIDOS,NUM_VOTOS_CAN_NREG,NUM_VOTOS_NULOS,TOTAL_VOTOS,LISTA_NOMINAL,Coalición
2019,10,DURANGO,1,CANATLAN,PAN,4377,14477,5,264,14746,24600,No
2019,10,DURANGO,1,CANATLAN,PRI,3839,14477,5,264,14746,24600,No
2019,10,DURANGO,1,CANATLAN,PRD,58,14477,5,264,14746,24600,No
2019,10,DURANGO,1,CANATLAN,PVEM,3625,14477,5,264,14746,24600,No
2019,10,DURANGO,1,CANATLAN,PT,318,14477,5,264,14746,24600,No
2019,10,DURANGO,1,CANATLAN,MC,1347,14477,5,264,14746,24600,No
2019,10,DURANGO,1,CANATLAN,PD,119,14477,5,264,14746,24600,No
2019,10,DURANGO,1,CANATLAN,MORENA,736,14477,5,264,14746,24600,No
2019,10,DURANGO,1,CANATLAN,PAN_PRD,58,14477,5,264,14746,24600,Sí
2019,10,DURANGO,4,CUENCAME,PAN,1831,13876,55,401,14332,25664,No
2019,10,DURANGO,4,CUENCAME,PRI,4960,13876,55,401,14332,25664,No
2019,10,DURANGO,4,CUENCAME,PRD,2164,13876,55,401,14332,25664,No
2019,10,DURANGO,4,CUENCAME,PT,142,13876,55,401,14332,25664,No
2019,10,DURANGO,4,CUENCAME,MC,147,13876,55,401,14332,25664,No
2019,10,DURANGO,4,CUENCAME,PD,29,13876,55,401,14332,25664,No
2019,10,DURANGO,4,CUENCAME,MORENA,3255,13876,55,401,14332,25664,No
2019,10,DURANGO,4,CUENCAME,PAN_PRD,747,13876,55,401,14332,25664,Sí
2019,10,DURANGO,4,CUENCAME,Candidatura Independiente,601,13876,55,401,14332,25664,No
2019,10,DURANGO,5,DURANGO,PAN,73295,196635,79,4912,201626,481519,No
2019,10,DURANGO,5,DURANGO,PRI,18449,196635,79,4912,201626,481519,No
2019,10,DURANGO,5,DURANGO,PVEM,4819,196635,79,4912,201626,481519,No
2019,10,DURANGO,5,DURANGO,PT,24842,196635,79,4912,201626,481519,No
2019,10,DURANGO,5,DURANGO,MC,51897,196635,79,4912,201626,481519,No
2019,10,DURANGO,5,DURANGO,PD,1068,196635,79,4912,201626,481519,No
2019,10,DURANGO,5,DURANGO,MORENA,17823,196635,79,4912,201626,481519,No
2019,10,DURANGO,5,DURANGO,Candidatura Independiente,4442,196635,79,4912,201626,481519,No
2019,10,DURANGO,7,GOMEZ PALACIO,PAN,12414,72142,1159,2681,75982,257507,No
2019,10,DURANGO,7,GOMEZ PALACIO,PRI,24628,72142,1159,2681,75982,257507,No
2019,10,DURANGO,7,GOMEZ PALACIO,PVEM,2492,72142,1159,2681,75982,257507,No
2019,10,DURANGO,7,GOMEZ PALACIO,PT,2304,72142,1159,2681,75982,257507,No
2019,10,DURANGO,7,GOMEZ PALACIO,MC,1701,72142,1159,2681,75982,257507,No
2019,10,DURANGO,7,GOMEZ PALACIO,PD,1474,72142,1159,2681,75982,257507,No
2019,10,DURANGO,7,GOMEZ PALACIO,MORENA,27129,72142,1159,2681,75982,257507,No
2019,10,DURANGO,8,GUADALUPE VICTORIA,PAN,1918,16164,7,389,16560,29125,No
2019,10,DURANGO,8,GUADALUPE VICTORIA,PRI,4602,16164,7,389,16560,29125,No
2019,10,DURANGO,8,GUADALUPE VICTORIA,PRD,2717,16164,7,389,16560,29125,No
2019,10,DURANGO,8,GUADALUPE VICTORIA,PVEM,4217,16164,7,389,16560,29125,No
2019,10,DURANGO,8,GUADALUPE VICTORIA,PT,258,16164,7,389,16560,29125,No
2019,10,DURANGO,8,GUADALUPE VICTORIA,MC,456,16164,7,389,16560,29125,No
2019,10,DURANGO,8,GUADALUPE VICTORIA,PD,489,16164,7,389,16560,29125,No
2019,10,DURANGO,8,GUADALUPE VICTORIA,MORENA,1163,16164,7,389,16560,29125,No
2019,10,DURANGO,8,GUADALUPE VICTORIA,PAN_PRD,344,16164,7,389,16560,29125,Sí
2019,10,DURANGO,11,INDE,PRI,2255,2255,20,188,2463,4387,No
2019,10,DURANGO,12,LERDO,PAN,6780,45278,16,1335,46629,109000,No
2019,10,DURANGO,12,LERDO,PRI,14321,45278,16,1335,46629,109000,No
2019,10,DURANGO,12,LERDO,PVEM,970,45278,16,1335,46629,109000,No
2019,10,DURANGO,12,LERDO,PT,1181,45278,16,1335,46629,109000,No
2019,10,DURANGO,12,LERDO,MC,6243,45278,16,1335,46629,109000,No
2019,10,DURANGO,12,LERDO,PD,680,45278,16,1335,46629,109000,No
2019,10,DURANGO,12,LERDO,MORENA,13697,45278,16,1335,46629,109000,No
2019,10,DURANGO,12,LERDO,Candidatura Independiente,1406,45278,16,1335,46629,109000,No
2019,10,DURANGO,13,MAPIMI,PAN,2294,9092,3,217,9312,18169,No
2019,10,DURANGO,13,MAPIMI,PRI,2823,9092,3,217,9312,18169,No
2019,10,DURANGO,13,MAPIMI,PRD,265,9092,3,217,9312,18169,No
2019,10,DURANGO,13,MAPIMI,PVEM,248,9092,3,217,9312,18169,No
2019,10,DURANGO,13,MAPIMI,PT,124,9092,3,217,9312,18169,No
2019,10,DURANGO,13,MAPIMI,MC,263,9092,3,217,9312,18169,No
2019,10,DURANGO,13,MAPIMI,PD,721,9092,3,217,9312,18169,No
2019,10,DURANGO,13,MAPIMI,MORENA,2262,9092,3,217,9312,18169,No
2019,10,DURANGO,13,MAPIMI,PAN_PRD,92,9092,3,217,9312,18169,Sí
2019,10,DURANGO,14,MEZQUITAL,PAN,456,17294,4,561,17859,29539,No
2019,10,DURANGO,14,MEZQUITAL,PRI,8226,17294,4,561,17859,29539,No
2019,10,DURANGO,14,MEZQUITAL,PRD,405,17294,4,561,17859,29539,No
2019,10,DURANGO,14,MEZQUITAL,PVEM,861,17294,4,561,17859,29539,No
2019,10,DURANGO,14,MEZQUITAL,PD,301,17294,4,561,17859,29539,No
2019,10,DURANGO,14,MEZQUITAL,MORENA,7019,17294,4,561,17859,29539,No
2019,10,DURANGO,14,MEZQUITAL,PAN_PRD,26,17294,4,561,17859,29539,Sí
2019,10,DURANGO,15,NAZAS,PAN,2440,6472,2,72,6546,9512,No
2019,10,DURANGO,15,NAZAS,PRI,917,6472,2,72,6546,9512,No
2019,10,DURANGO,15,NAZAS,PT,1522,6472,2,72,6546,9512,No
2019,10,DURANGO,15,NAZAS,PD,464,6472,2,72,6546,9512,No
2019,10,DURANGO,15,NAZAS,MORENA,1129,6472,2,72,6546,9512,No
2019,10,DURANGO,16,NOMBRE DE DIOS,PAN,273,7889,1,225,8115,14664,No
2019,10,DURANGO,16,NOMBRE DE DIOS,PRI,527,7889,1,225,8115,14664,No
2019,10,DURANGO,16,NOMBRE DE DIOS,PRD,2334,7889,1,225,8115,14664,No
2019,10,DURANGO,16,NOMBRE DE DIOS,PVEM,144,7889,1,225,8115,14664,No
2019,10,DURANGO,16,NOMBRE DE DIOS,PT,1975,7889,1,225,8115,14664,No
2019,10,DURANGO,16,NOMBRE DE DIOS,MC,1141,7889,1,225,8115,14664,No
2019,10,DURANGO,16,NOMBRE DE DIOS,PD,153,7889,1,225,8115,14664,No
2019,10,DURANGO,16,NOMBRE DE DIOS,MORENA,1245,7889,1,225,8115,14664,No
2019,10,DURANGO,16,NOMBRE DE DIOS,PAN_PRD,54,7889,1,225,8115,14664,Sí
2019,10,DURANGO,16,NOMBRE DE DIOS,Candidatura Independiente,43,7889,1,225,8115,14664,No
2019,10,DURANGO,17,NUEVO IDEAL,PAN,5227,10418,5,178,10601,21229,No
2019,10,DURANGO,17,NUEVO IDEAL,PRI,2727,10418,5,178,10601,21229,No
2019,10,DURANGO,17,NUEVO IDEAL,PRD,63,10418,5,178,10601,21229,No
2019,10,DURANGO,17,NUEVO IDEAL,MC,476,10418,5,178,10601,21229,No
2019,10,DURANGO,17,NUEVO IDEAL,PD,32,10418,5,178,10601,21229,No
2019,10,DURANGO,17,NUEVO IDEAL,MORENA,1602,10418,5,178,10601,21229,No
2019,10,DURANGO,17,NUEVO IDEAL,PAN_PRD,291,10418,5,178,10601,21229,Sí
2019,10,DURANGO,18,OCAMPO,PAN,1232,4488,1,69,4558,6803,No
2019,10,DURANGO,18,OCAMPO,PRI,1716,4488,1,69,4558,6803,No
2019,10,DURANGO,18,OCAMPO,PRD,12,4488,1,69,4558,6803,No
2019,10,DURANGO,18,OCAMPO,PT,74,4488,1,69,4558,6803,No
2019,10,DURANGO,18,OCAMPO,MC,647,4488,1,69,4558,6803,No
2019,10,DURANGO,18,OCAMPO,MORENA,682,4488,1,69,4558,6803,No
2019,10,DURANGO,18,OCAMPO,PAN_PRD,9,4488,1,69,4558,6803,Sí
2019,10,DURANGO,18,OCAMPO,Candidatura Independiente,116,4488,1,69,4558,6803,No
2019,10,DURANGO,19,EL ORO,PAN,2369,5256,2,103,5361,9787,No
2019,10,DURANGO,19,EL ORO,PRI,1416,5256,2,103,5361,9787,No
2019,10,DURANGO,19,EL ORO,PRD,22,5256,2,103,5361,9787,No
2019,10,DURANGO,19,EL ORO,PT,1099,5256,2,103,5361,9787,No
2019,10,DURANGO,19,EL ORO,MC,40,5256,2,103,5361,9787,No
2019,10,DURANGO,19,EL ORO,MORENA,301,5256,2,103,5361,9787,No
2019,10,DURANGO,19,EL ORO,PAN_PRD,9,5256,2,103,5361,9787,Sí
2019,10,DURANGO,23,POANAS,PAN,3046,11788,5,214,12007,19569,No
2019,10,DURANGO,23,POANAS,PRI,3253,11788,5,214,12007,19569,No
2019,10,DURANGO,23,POANAS,PRD,134,11788,5,214,12007,19569,No
2019,10,DURANGO,23,POANAS,PVEM,612,11788,5,214,12007,19569,No
2019,10,DURANGO,23,POANAS,PT,127,11788,5,214,12007,19569,No
2019,10,DURANGO,23,POANAS,MC,4034,11788,5,214,12007,19569,No
2019,10,DURANGO,23,POANAS,PD,22,11788,5,214,12007,19569,No
2019,10,DURANGO,23,POANAS,MORENA,502,11788,5,214,12007,19569,No
2019,10,DURANGO,23,POANAS,PAN_PRD,58,11788,5,214,12007,19569,Sí
2019,10,DURANGO,24,PUEBLO NUEVO,PAN,4262,15630,6,422,16058,33109,No
2019,10,DURANGO,24,PUEBLO NUEVO,PRI,5702,15630,6,422,16058,33109,No
2019,10,DURANGO,24,PUEBLO NUEVO,PRD,353,15630,6,422,16058,33109,No
2019,10,DURANGO,24,PUEBLO NUEVO,PVEM,439,15630,6,422,16058,33109,No
2019,10,DURANGO,24,PUEBLO NUEVO,PT,155,15630,6,422,16058,33109,No
2019,10,DURANGO,24,PUEBLO NUEVO,MC,272,15630,6,422,16058,33109,No
2019,10,DURANGO,24,PUEBLO NUEVO,PD,161,15630,6,422,16058,33109,No
2019,10,DURANGO,24,PUEBLO NUEVO,MORENA,4180,15630,6,422,16058,33109,No
2019,10,DURANGO,24,PUEBLO NUEVO,PAN_PRD,106,15630,6,422,16058,33109,Sí
2019,10,DURANGO,25,RODEO,PAN,1317,5773,10,91,5874,9957,No
2019,10,DURANGO,25,RODEO,PRI,1186,5773,10,91,5874,9957,No
2019,10,DURANGO,25,RODEO,PRD,1521,5773,10,91,5874,9957,No
2019,10,DURANGO,25,RODEO,MC,866,5773,10,91,5874,9957,No
2019,10,DURANGO,25,RODEO,PD,67,5773,10,91,5874,9957,No
2019,10,DURANGO,25,RODEO,MORENA,410,5773,10,91,5874,9957,No
2019,10,DURANGO,25,RODEO,PAN_PRD,406,5773,10,91,5874,9957,Sí
2019,10,DURANGO,33,SANTIAGO PAPASQUIARO,PAN,11816,17825,7,435,18267,37127,No
2019,10,DURANGO,33,SANTIAGO PAPASQUIARO,PRI,1763,17825,7,435,18267,37127,No
2019,10,DURANGO,33,SANTIAGO PAPASQUIARO,PRD,694,17825,7,435,18267,37127,No
2019,10,DURANGO,33,SANTIAGO PAPASQUIARO,PVEM,275,17825,7,435,18267,37127,No
2019,10,DURANGO,33,SANTIAGO PAPASQUIARO,PD,96,17825,7,435,18267,37127,No
2019,10,DURANGO,33,SANTIAGO PAPASQUIARO,MORENA,2974,17825,7,435,18267,37127,No
2019,10,DURANGO,33,SANTIAGO PAPASQUIARO,PAN_PRD,207,17825,7,435,18267,37127,Sí
2019,10,DURANGO,35,TAMAZULA,PAN,1712,9999,3,80,10082,16245,No
2019,10,DURANGO,35,TAMAZULA,PRI,4308,9999,3,80,10082,16245,No
2019,10,DURANGO,35,TAMAZULA,PRD,81,9999,3,80,10082,16245,No
2019,10,DURANGO,35,TAMAZULA,MORENA,3881,9999,3,80,10082,16245,No
2019,10,DURANGO,35,TAMAZULA,PAN_PRD,17,9999,3,80,10082,16245,Sí
2019,10,DURANGO,37,TLAHUALILO,PAN,3266,9395,2,160,9557,14967,No
2019,10,DURANGO,37,TLAHUALILO,PRI,3844,9395,2,160,9557,14967,No
2019,10,DURANGO,37,TLAHUALILO,PRD,81,9395,2,160,9557,14967,No
2019,10,DURANGO,37,TLAHUALILO,PT,256,9395,2,160,9557,14967,No
2019,10,DURANGO,37,TLAHUALILO,PD,486,9395,2,160,9557,14967,No
2019,10,DURANGO,37,TLAHUALILO,MORENA,1408,9395,2,160,9557,14967,No
2019,10,DURANGO,37,TLAHUALILO,PAN_PRD,54,9395,2,160,9557,14967,Sí
2019,1,AGUASCALIENTES,1,AGUASCALIENTES,PAN,111404,210350,133,6481,216964,651231,No
2019,1,AGUASCALIENTES,1,AGUASCALIENTES,PRI,14146,210350,133,6481,216964,651231,No
2019,1,AGUASCALIENTES,1,AGUASCALIENTES,PRD,17514,210350,133,6481,216964,651231,No
2019,1,AGUASCALIENTES,1,AGUASCALIENTES,PT,1656,210350,133,6481,216964,651231,No
2019,1,AGUASCALIENTES,1,AGUASCALIENTES,PVEM,3089,210350,133,6481,216964,651231,No
2019,1,AGUASCALIENTES,1,AGUASCALIENTES,MC,2212,210350,133,6481,216964,651231,No
2019,1,AGUASCALIENTES,1,AGUASCALIENTES,MORENA,52944,210350,133,6481,216964,651231,No
2019,1,AGUASCALIENTES,1,AGUASCALIENTES,UPM,1459,210350,133,6481,216964,651231,No
2019,1,AGUASCALIENTES,1,AGUASCALIENTES,PLA,2892,210350,133,6481,216964,651231,No
2019,1,AGUASCALIENTES,1,AGUASCALIENTES,NAA,3034,210350,133,6481,216964,651231,No
2019,1,AGUASCALIENTES,2,ASIENTOS,PAN,6848,21802,8,519,22329,34499,No
2019,1,AGUASCALIENTES,2,ASIENTOS,PRI,3687,21802,8,519,22329,34499,No
2019,1,AGUASCALIENTES,2,ASIENTOS,PRD,178,21802,8,519,22329,34499,No
2019,1,AGUASCALIENTES,2,ASIENTOS,PT,214,21802,8,519,22329,34499,No
2019,1,AGUASCALIENTES,2,ASIENTOS,PVEM,211,21802,8,519,22329,34499,No
2019,1,AGUASCALIENTES,2,ASIENTOS,MC,321,21802,8,519,22329,34499,No
2019,1,AGUASCALIENTES,2,ASIENTOS,MORENA,9585,21802,8,519,22329,34499,No
2019,1,AGUASCALIENTES,2,ASIENTOS,PLA,362,21802,8,519,22329,34499,No
2019,1,AGUASCALIENTES,2,ASIENTOS,NAA,396,21802,8,519,22329,34499,No
2019,1,AGUASCALIENTES,3,CALVILLO,PAN,8752,20251,18,1023,21292,46919,No
2019,1,AGUASCALIENTES,3,CALVILLO,PRI,770,20251,18,1023,21292,46919,No
2019,1,AGUASCALIENTES,3,CALVILLO,PRD,342,20251,18,1023,21292,46919,No
2019,1,AGUASCALIENTES,3,CALVILLO,PT,381,20251,18,1023,21292,46919,No
2019,1,AGUASCALIENTES,3,CALVILLO,PVEM,601,20251,18,1023,21292,46919,No
2019,1,AGUASCALIENTES,3,CALVILLO,MORENA,3453,20251,18,1023,21292,46919,No
2019,1,AGUASCALIENTES,3,CALVILLO,PLA,4821,20251,18,1023,21292,46919,No
2019,1,AGUASCALIENTES,3,CALVILLO,NAA,1131,20251,18,1023,21292,46919,No
2019,1,AGUASCALIENTES,4,COSIO,PAN,650,8237,2,101,8340,11698,No
2019,1,AGUASCALIENTES,4,COSIO,PRI,2289,8237,2,101,8340,11698,No
2019,1,AGUASCALIENTES,4,COSIO,PT,662,8237,2,101,8340,11698,No
2019,1,AGUASCALIENTES,4,COSIO,PVEM,2537,8237,2,101,8340,11698,No
2019,1,AGUASCALIENTES,4,COSIO,MC,1917,8237,2,101,8340,11698,No
2019,1,AGUASCALIENTES,4,COSIO,MORENA,160,8237,2,101,8340,11698,No
2019,1,AGUASCALIENTES,4,COSIO,PLA,22,8237,2,101,8340,11698,No
2019,1,AGUASCALIENTES,5,JESUS MARIA,PAN,12171,28209,18,912,29139,81736,No
2019,1,AGUASCALIENTES,5,JESUS MARIA,PRI,1477,28209,18,912,29139,81736,No
2019,1,AGUASCALIENTES,5,JESUS MARIA,PRD,458,28209,18,912,29139,81736,No
2019,1,AGUASCALIENTES,5,JESUS MARIA,PT,328,28209,18,912,29139,81736,No
2019,1,AGUASCALIENTES,5,JESUS MARIA,PVEM,627,28209,18,912,29139,81736,No
2019,1,AGUASCALIENTES,5,JESUS MARIA,MC,191,28209,18,912,29139,81736,No
2019,1,AGUASCALIENTES,5,JESUS MARIA,MORENA,3165,28209,18,912,29139,81736,No
2019,1,AGUASCALIENTES,5,JESUS MARIA,UPM,416,28209,18,912,29139,81736,No
2019,1,AGUASCALIENTES,5,JESUS MARIA,PLA,2124,28209,18,912,29139,81736,No
2019,1,AGUASCALIENTES,5,JESUS MARIA,NAA,510,28209,18,912,29139,81736,No
2019,1,AGUASCALIENTES,5,JESUS MARIA,Candidatura Independiente,6020,28209,18,912,29139,81736,No
2019,1,AGUASCALIENTES,5,JESUS MARIA,Candidatura Independiente,365,28209,18,912,29139,81736,No
2019,1,AGUASCALIENTES,5,JESUS MARIA,Candidatura Independiente,357,28209,18,912,29139,81736,No
2019,1,AGUASCALIENTES,6,PABELLON DE ARTEAGA,PAN,1640,17121,3,501,17625,31321,No
2019,1,AGUASCALIENTES,6,PABELLON DE ARTEAGA,PRI,457,17121,3,501,17625,31321,No
2019,1,AGUASCALIENTES,6,PABELLON DE ARTEAGA,PRD,9298,17121,3,501,17625,31321,No
2019,1,AGUASCALIENTES,6,PABELLON DE ARTEAGA,PT,392,17121,3,501,17625,31321,No
2019,1,AGUASCALIENTES,6,PABELLON DE ARTEAGA,PVEM,418,17121,3,501,17625,31321,No
2019,1,AGUASCALIENTES,6,PABELLON DE ARTEAGA,MC,317,17121,3,501,17625,31321,No
2019,1,AGUASCALIENTES,6,PABELLON DE ARTEAGA,MORENA,3723,17121,3,501,17625,31321,No
2019,1,AGUASCALIENTES,6,PABELLON DE ARTEAGA,UPM,45,17121,3,501,17625,31321,No
2019,1,AGUASCALIENTES,6,PABELLON DE ARTEAGA,PLA,82,17121,3,501,17625,31321,No
2019,1,AGUASCALIENTES,6,PABELLON DE ARTEAGA,NAA,749,17121,3,501,17625,31321,No
2019,1,AGUASCALIENTES,7,RINCON DE ROMOS,PAN,5487,16005,9,534,16548,37810,No
2019,1,AGUASCALIENTES,7,RINCON DE ROMOS,PRI,984,16005,9,534,16548,37810,No
2019,1,AGUASCALIENTES,7,RINCON DE ROMOS,PRD,145,16005,9,534,16548,37810,No
2019,1,AGUASCALIENTES,7,RINCON DE ROMOS,PT,803,16005,9,534,16548,37810,No
2019,1,AGUASCALIENTES,7,RINCON DE ROMOS,PVEM,392,16005,9,534,16548,37810,No
2019,1,AGUASCALIENTES,7,RINCON DE ROMOS,MC,215,16005,9,534,16548,37810,No
2019,1,AGUASCALIENTES,7,RINCON DE ROMOS,MORENA,963,16005,9,534,16548,37810,No
2019,1,AGUASCALIENTES,7,RINCON DE ROMOS,PLA,2094,16005,9,534,16548,37810,No
2019,1,AGUASCALIENTES,7,RINCON DE ROMOS,NAA,4922,16005,9,534,16548,37810,No
2019,1,AGUASCALIENTES,8,SAN JOSE DE GRACIA,PAN,2573,5008,3,69,5080,6952,No
2019,1,AGUASCALIENTES,8,SAN JOSE DE GRACIA,PRI,240,5008,3,69,5080,6952,No
2019,1,AGUASCALIENTES,8,SAN JOSE DE GRACIA,PT,637,5008,3,69,5080,6952,No
2019,1,AGUASCALIENTES,8,SAN JOSE DE GRACIA,PVEM,45,5008,3,69,5080,6952,No
2019,1,AGUASCALIENTES,8,SAN JOSE DE GRACIA,MORENA,1289,5008,3,69,5080,6952,No
2019,1,AGUASCALIENTES,8,SAN JOSE DE GRACIA,UPM,33,5008,3,69,5080,6952,No
2019,1,AGUASCALIENTES,8,SAN JOSE DE GRACIA,PLA,21,5008,3,69,5080,6952,No
2019,1,AGUASCALIENTES,8,SAN JOSE DE GRACIA,NAA,76,5008,3,69,5080,6952,No
2019,1,AGUASCALIENTES,8,SAN JOSE DE GRACIA,Candidatura Independiente,94,5008,3,69,5080,6952,No
2019,1,AGUASCALIENTES,9,TEPEZALA,PAN,2609,10783,2,227,11012,15551,No
2019,1,AGUASCALIENTES,9,TEPEZALA,PRI,2376,10783,2,227,11012,15551,No
2019,1,AGUASCALIENTES,9,TEPEZALA,PRD,1607,10783,2,227,11012,15551,No
2019,1,AGUASCALIENTES,9,TEPEZALA,PT,94,10783,2,227,11012,15551,No
2019,1,AGUASCALIENTES,9,TEPEZALA,PVEM,3281,10783,2,227,11012,15551,No
2019,1,AGUASCALIENTES,9,TEPEZALA,MORENA,761,10783,2,227,11012,15551,No
2019,1,AGUASCALIENTES,9,TEPEZALA,NAA,55,10783,2,227,11012,15551,No
2019,1,AGUASCALIENTES,10,SAN FRANCISCO DE LOS ROMO,PAN,2592,13421,13,511,13945,33855,No
2019,1,AGUASCALIENTES,10,SAN FRANCISCO DE LOS ROMO,PRI,4555,13421,13,511,13945,33855,No
2019,1,AGUASCALIENTES,10,SAN FRANCISCO DE LOS ROMO,PRD,145,13421,13,511,13945,33855,No
2019,1,AGUASCALIENTES,10,SAN FRANCISCO DE LOS ROMO,PT,1606,13421,13,511,13945,33855,No
2019,1,AGUASCALIENTES,10,SAN FRANCISCO DE LOS ROMO,PVEM,211,13421,13,511,13945,33855,No
2019,1,AGUASCALIENTES,10,SAN FRANCISCO DE LOS ROMO,MC,156,13421,13,511,13945,33855,No
2019,1,AGUASCALIENTES,10,SAN FRANCISCO DE LOS ROMO,MORENA,3577,13421,13,511,13945,33855,No
2019,1,AGUASCALIENTES,10,SAN FRANCISCO DE LOS ROMO,UPM,65,13421,13,511,13945,33855,No
2019,1,AGUASCALIENTES,10,SAN FRANCISCO DE LOS ROMO,PLA,102,13421,13,511,13945,33855,No
2019,1,AGUASCALIENTES,10,SAN FRANCISCO DE LOS ROMO,NAA,412,13421,13,511,13945,33855,No
2019,2,BAJA CALIFORNIA,2,MEXICALI,PAN,84287,253291,291,6619,260201,794900,No
2019,2,BAJA CALIFORNIA,2,MEXICALI,PRI,10219,253291,291,6619,260201,794900,No
2019,2,BAJA CALIFORNIA,2,MEXICALI,PRD,8348,253291,291,6619,260201,794900,No
2019,2,BAJA CALIFORNIA,2,MEXICALI,PVEM,4686,253291,291,6619,260201,794900,No
2019,2,BAJA CALIFORNIA,2,MEXICALI,PT,5952,253291,291,6619,260201,794900,No
2019,2,BAJA CALIFORNIA,2,MEXICALI,MC,13010,253291,291,6619,260201,794900,No
2019,2,BAJA CALIFORNIA,2,MEXICALI,MORENA,102310,253291,291,6619,260201,794900,No
2019,2,BAJA CALIFORNIA,2,MEXICALI,PVEM_PT_TRANS_MORENA,582,253291,291,6619,260201,794900,Sí
2019,2,BAJA CALIFORNIA,2,MEXICALI,PVEM_PT_TRANS,122,253291,291,6619,260201,794900,Sí
2019,2,BAJA CALIFORNIA,2,MEXICALI,PVEM_PT_MORENA,136,253291,291,6619,260201,794900,Sí
2019,2,BAJA CALIFORNIA,2,MEXICALI,PVEM_TRANS_MORENA,133,253291,291,6619,260201,794900,Sí
2019,2,BAJA CALIFORNIA,2,MEXICALI,PT_TRANS_MORENA,428,253291,291,6619,260201,794900,Sí
2019,2,BAJA CALIFORNIA,2,MEXICALI,PVEM_PT,64,253291,291,6619,260201,794900,Sí
2019,2,BAJA CALIFORNIA,2,MEXICALI,PVEM_TRANS,38,253291,291,6619,260201,794900,Sí
2019,2,BAJA CALIFORNIA,2,MEXICALI,PVEM_MORENA,206,253291,291,6619,260201,794900,Sí
2019,2,BAJA CALIFORNIA,2,MEXICALI,PT_TRANS,76,253291,291,6619,260201,794900,Sí
2019,2,BAJA CALIFORNIA,2,MEXICALI,PT_MORENA,339,253291,291,6619,260201,794900,Sí
2019,2,BAJA CALIFORNIA,2,MEXICALI,TRANS_MORENA,928,253291,291,6619,260201,794900,Sí
2019,2,BAJA CALIFORNIA,2,MEXICALI,PBC,14586,253291,291,6619,260201,794900,No
2019,2,BAJA CALIFORNIA,2,MEXICALI,TRANS,6841,253291,291,6619,260201,794900,No
2019,2,BAJA CALIFORNIA,3,TECATE,PAN,6927,27835,36,805,28676,86267,No
2019,2,BAJA CALIFORNIA,3,TECATE,PRI,5379,27835,36,805,28676,86267,No
2019,2,BAJA CALIFORNIA,3,TECATE,PRD,552,27835,36,805,28676,86267,No
2019,2,BAJA CALIFORNIA,3,TECATE,PVEM,551,27835,36,805,28676,86267,No
2019,2,BAJA CALIFORNIA,3,TECATE,PT,557,27835,36,805,28676,86267,No
2019,2,BAJA CALIFORNIA,3,TECATE,MC,1229,27835,36,805,28676,86267,No
2019,2,BAJA CALIFORNIA,3,TECATE,MORENA,8816,27835,36,805,28676,86267,No
2019,2,BAJA CALIFORNIA,3,TECATE,PVEM_PT_TRANS_MORENA,61,27835,36,805,28676,86267,Sí
2019,2,BAJA CALIFORNIA,3,TECATE,PVEM_PT_TRANS,18,27835,36,805,28676,86267,Sí
2019,2,BAJA CALIFORNIA,3,TECATE,PVEM_PT_MORENA,20,27835,36,805,28676,86267,Sí
2019,2,BAJA CALIFORNIA,3,TECATE,PVEM_TRANS_MORENA,13,27835,36,805,28676,86267,Sí
2019,2,BAJA CALIFORNIA,3,TECATE,PT_TRANS_MORENA,24,27835,36,805,28676,86267,Sí
2019,2,BAJA CALIFORNIA,3,TECATE,PVEM_PT,15,27835,36,805,28676,86267,Sí
2019,2,BAJA CALIFORNIA,3,TECATE,PVEM_TRANS,14,27835,36,805,28676,86267,Sí
2019,2,BAJA CALIFORNIA,3,TECATE,PVEM_MORENA,33,27835,36,805,28676,86267,Sí
2019,2,BAJA CALIFORNIA,3,TECATE,PT_TRANS,15,27835,36,805,28676,86267,Sí
2019,2,BAJA CALIFORNIA,3,TECATE,PT_MORENA,39,27835,36,805,28676,86267,Sí
2019,2,BAJA CALIFORNIA,3,TECATE,TRANS_MORENA,80,27835,36,805,28676,86267,Sí
2019,2,BAJA CALIFORNIA,3,TECATE,PBC,357,27835,36,805,28676,86267,No
2019,2,BAJA CALIFORNIA,3,TECATE,TRANS,672,27835,36,805,28676,86267,No
2019,2,BAJA CALIFORNIA,3,TECATE,Candidatura Independiente,2463,27835,36,805,28676,86267,No
2019,2,BAJA CALIFORNIA,4,TIJUANA,PAN,42802,392664,213,9259,402136,1431102,No
2019,2,BAJA CALIFORNIA,4,TIJUANA,PRI,16487,392664,213,9259,402136,1431102,No
2019,2,BAJA CALIFORNIA,4,TIJUANA,PRD,139475,392664,213,9259,402136,1431102,No
2019,2,BAJA CALIFORNIA,4,TIJUANA,PVEM,7401,392664,213,9259,402136,1431102,No
2019,2,BAJA CALIFORNIA,4,TIJUANA,PT,8675,392664,213,9259,402136,1431102,No
2019,2,BAJA CALIFORNIA,4,TIJUANA,MC,16348,392664,213,9259,402136,1431102,No
2019,2,BAJA CALIFORNIA,4,TIJUANA,MORENA,143216,392664,213,9259,402136,1431102,No
2019,2,BAJA CALIFORNIA,4,TIJUANA,PVEM_PT_TRANS_MORENA,750,392664,213,9259,402136,1431102,Sí
2019,2,BAJA CALIFORNIA,4,TIJUANA,PVEM_PT_TRANS,167,392664,213,9259,402136,1431102,Sí
2019,2,BAJA CALIFORNIA,4,TIJUANA,PVEM_PT_MORENA,220,392664,213,9259,402136,1431102,Sí
2019,2,BAJA CALIFORNIA,4,TIJUANA,PVEM_TRANS_MORENA,145,392664,213,9259,402136,1431102,Sí
2019,2,BAJA CALIFORNIA,4,TIJUANA,PT_TRANS_MORENA,449,392664,213,9259,402136,1431102,Sí
2019,2,BAJA CALIFORNIA,4,TIJUANA,PVEM_PT,107,392664,213,9259,402136,1431102,Sí
2019,2,BAJA CALIFORNIA,4,TIJUANA,PVEM_TRANS,69,392664,213,9259,402136,1431102,Sí
2019,2,BAJA CALIFORNIA,4,TIJUANA,PVEM_MORENA,271,392664,213,9259,402136,1431102,Sí
2019,2,BAJA CALIFORNIA,4,TIJUANA,PT_TRANS,131,392664,213,9259,402136,1431102,Sí
2019,2,BAJA CALIFORNIA,4,TIJUANA,PT_MORENA,603,392664,213,9259,402136,1431102,Sí
2019,2,BAJA CALIFORNIA,4,TIJUANA,TRANS_MORENA,874,392664,213,9259,402136,1431102,Sí
2019,2,BAJA CALIFORNIA,4,TIJUANA,PBC,8526,392664,213,9259,402136,1431102,No
2019,2,BAJA CALIFORNIA,4,TIJUANA,TRANS,5948,392664,213,9259,402136,1431102,No
2019,2,BAJA CALIFORNIA,5,ROSARITO,PAN,7810,26982,15,654,27651,105482,No
2019,2,BAJA CALIFORNIA,5,ROSARITO,PRI,799,26982,15,654,27651,105482,No
2019,2,BAJA CALIFORNIA,5,ROSARITO,PRD,670,26982,15,654,27651,105482,No
2019,2,BAJA CALIFORNIA,5,ROSARITO,PVEM,238,26982,15,654,27651,105482,No
2019,2,BAJA CALIFORNIA,5,ROSARITO,PT,318,26982,15,654,27651,105482,No
2019,2,BAJA CALIFORNIA,5,ROSARITO,MC,3362,26982,15,654,27651,105482,No
2019,2,BAJA CALIFORNIA,5,ROSARITO,MORENA,11201,26982,15,654,27651,105482,No
2019,2,BAJA CALIFORNIA,5,ROSARITO,PVEM_PT_TRANS_MORENA,49,26982,15,654,27651,105482,Sí
2019,2,BAJA CALIFORNIA,5,ROSARITO,PVEM_PT_TRANS,12,26982,15,654,27651,105482,Sí
2019,2,BAJA CALIFORNIA,5,ROSARITO,PVEM_PT_MORENA,18,26982,15,654,27651,105482,Sí
2019,2,BAJA CALIFORNIA,5,ROSARITO,PVEM_TRANS_MORENA,15,26982,15,654,27651,105482,Sí
2019,2,BAJA CALIFORNIA,5,ROSARITO,PT_TRANS_MORENA,57,26982,15,654,27651,105482,Sí
2019,2,BAJA CALIFORNIA,5,ROSARITO,PVEM_PT,3,26982,15,654,27651,105482,Sí
2019,2,BAJA CALIFORNIA,5,ROSARITO,PVEM_TRANS,2,26982,15,654,27651,105482,Sí
2019,2,BAJA CALIFORNIA,5,ROSARITO,PVEM_MORENA,19,26982,15,654,27651,105482,Sí
2019,2,BAJA CALIFORNIA,5,ROSARITO,PT_TRANS,8,26982,15,654,27651,105482,Sí
2019,2,BAJA CALIFORNIA,5,ROSARITO,PT_MORENA,42,26982,15,654,27651,105482,Sí
2019,2,BAJA CALIFORNIA,5,ROSARITO,TRANS_MORENA,140,26982,15,654,27651,105482,Sí
2019,2,BAJA CALIFORNIA,5,ROSARITO,PBC,476,26982,15,654,27651,105482,No
2019,2,BAJA CALIFORNIA,5,ROSARITO,TRANS,416,26982,15,654,27651,105482,No
2019,2,BAJA CALIFORNIA,5,ROSARITO,Candidatura Independiente,1327,26982,15,654,27651,105482,No
2019,2,BAJA CALIFORNIA,1,ENSENADA,PAN,21598,112920,158,3516,116594,393324,No
2019,2,BAJA CALIFORNIA,1,ENSENADA,PRI,7717,112920,158,3516,116594,393324,No
2019,2,BAJA CALIFORNIA,1,ENSENADA,PRD,3432,112920,158,3516,116594,393324,No
2019,2,BAJA CALIFORNIA,1,ENSENADA,PVEM,1940,112920,158,3516,116594,393324,No
2019,2,BAJA CALIFORNIA,1,ENSENADA,PT,6281,112920,158,3516,116594,393324,No
2019,2,BAJA CALIFORNIA,1,ENSENADA,MC,4881,112920,158,3516,116594,393324,No
2019,2,BAJA CALIFORNIA,1,ENSENADA,MORENA,48410,112920,158,3516,116594,393324,No
2019,2,BAJA CALIFORNIA,1,ENSENADA,PVEM_PT_TRANS_MORENA,217,112920,158,3516,116594,393324,Sí
2019,2,BAJA CALIFORNIA,1,ENSENADA,PVEM_PT_TRANS,61,112920,158,3516,116594,393324,Sí
2019,2,BAJA CALIFORNIA,1,ENSENADA,PVEM_PT_MORENA,148,112920,158,3516,116594,393324,Sí
2019,2,BAJA CALIFORNIA,1,ENSENADA,PVEM_TRANS_MORENA,45,112920,158,3516,116594,393324,Sí
2019,2,BAJA CALIFORNIA,1,ENSENADA,PT_TRANS_MORENA,229,112920,158,3516,116594,393324,Sí
2019,2,BAJA CALIFORNIA,1,ENSENADA,PVEM_PT,70,112920,158,3516,116594,393324,Sí
2019,2,BAJA CALIFORNIA,1,ENSENADA,PVEM_TRANS,21,112920,158,3516,116594,393324,Sí
2019,2,BAJA CALIFORNIA,1,ENSENADA,PVEM_MORENA,104,112920,158,3516,116594,393324,Sí
2019,2,BAJA CALIFORNIA,1,ENSENADA,PT_TRANS,52,112920,158,3516,116594,393324,Sí
2019,2,BAJA CALIFORNIA,1,ENSENADA,PT_MORENA,422,112920,158,3516,116594,393324,Sí
2019,2,BAJA CALIFORNIA,1,ENSENADA,TRANS_MORENA,275,112920,158,3516,116594,393324,Sí
2019,2,BAJA CALIFORNIA,1,ENSENADA,PBC,2708,112920,158,3516,116594,393324,No
2019,2,BAJA CALIFORNIA,1,ENSENADA,TRANS,2481,112920,158,3516,116594,393324,No
2019,2,BAJA CALIFORNIA,1,ENSENADA,Candidatura Independiente,5834,112920,158,3516,116594,393324,No
2019,2,BAJA CALIFORNIA,1,ENSENADA,Candidatura Independiente,5994,112920,158,3516,116594,393324,No
2019,21,PUEBLA,29,CAÑADA MORELOS,PAN,682,8112,2,297,8411,14083,No
2019,21,PUEBLA,29,CAÑADA MORELOS,PRI,4624,8112,2,297,8411,14083,No
2019,21,PUEBLA,29,CAÑADA MORELOS,PRD,70,8112,2,297,8411,14083,No
2019,21,PUEBLA,29,CAÑADA MORELOS,PT,286,8112,2,297,8411,14083,No
2019,21,PUEBLA,29,CAÑADA MORELOS,PVEM,77,8112,2,297,8411,14083,No
2019,21,PUEBLA,29,CAÑADA MORELOS,MC,89,8112,2,297,8411,14083,No
2019,21,PUEBLA,29,CAÑADA MORELOS,PCPP,148,8112,2,297,8411,14083,No
2019,21,PUEBLA,29,CAÑADA MORELOS,MORENA,1805,8112,2,297,8411,14083,No
2019,21,PUEBLA,29,CAÑADA MORELOS,ES,32,8112,2,297,8411,14083,No
2019,21,PUEBLA,29,CAÑADA MORELOS,C_COMUN_PAN_PRD_MC_PCPP,34,8112,2,297,8411,14083,Sí
2019,21,PUEBLA,29,CAÑADA MORELOS,PAN_PRD_MC,7,8112,2,297,8411,14083,Sí
2019,21,PUEBLA,29,CAÑADA MORELOS,PAN_PRD_PCPP,26,8112,2,297,8411,14083,Sí
2019,21,PUEBLA,29,CAÑADA MORELOS,PAN_MC_PCPP,6,8112,2,297,8411,14083,Sí
2019,21,PUEBLA,29,CAÑADA MORELOS,PRD_MC_PCPP,5,8112,2,297,8411,14083,Sí
2019,21,PUEBLA,29,CAÑADA MORELOS,PAN_PRD,10,8112,2,297,8411,14083,Sí
2019,21,PUEBLA,29,CAÑADA MORELOS,PAN_MC,9,8112,2,297,8411,14083,Sí
2019,21,PUEBLA,29,CAÑADA MORELOS,PAN_PCPP,19,8112,2,297,8411,14083,Sí
2019,21,PUEBLA,29,CAÑADA MORELOS,PRD_MC...28,3,8112,2,297,8411,14083,Sí
2019,21,PUEBLA,29,CAÑADA MORELOS,PRD_PCPP...29,2,8112,2,297,8411,14083,Sí
2019,21,PUEBLA,29,CAÑADA MORELOS,MC_PCPP...30,2,8112,2,297,8411,14083,Sí
2019,21,PUEBLA,29,CAÑADA MORELOS,PT_PVEM_MORENA_ES,32,8112,2,297,8411,14083,Sí
2019,21,PUEBLA,29,CAÑADA MORELOS,PT_PVEM_MORENA,24,8112,2,297,8411,14083,Sí
2019,21,PUEBLA,29,CAÑADA MORELOS,PT_PVEM_ES,3,8112,2,297,8411,14083,Sí
2019,21,PUEBLA,29,CAÑADA MORELOS,PT_MORENA_ES,5,8112,2,297,8411,14083,Sí
2019,21,PUEBLA,29,CAÑADA MORELOS,PVEM_MORENA_ES,5,8112,2,297,8411,14083,Sí
2019,21,PUEBLA,29,CAÑADA MORELOS,PT_PVEM,18,8112,2,297,8411,14083,Sí
2019,21,PUEBLA,29,CAÑADA MORELOS,PT_MORENA...41,61,8112,2,297,8411,14083,Sí
2019,21,PUEBLA,29,CAÑADA MORELOS,PT_ES...42,1,8112,2,297,8411,14083,Sí
2019,21,PUEBLA,29,CAÑADA MORELOS,PVEM_MORENA,20,8112,2,297,8411,14083,Sí
2019,21,PUEBLA,29,CAÑADA MORELOS,PVEM_ES,1,8112,2,297,8411,14083,Sí
2019,21,PUEBLA,29,CAÑADA MORELOS,MORENA_ES...45,6,8112,2,297,8411,14083,Sí
2019,21,PUEBLA,98,MAZAPILTEPEC DE JUAREZ,PRI,455,1556,2,39,1597,2154,No
2019,21,PUEBLA,98,MAZAPILTEPEC DE JUAREZ,PT,6,1556,2,39,1597,2154,No
2019,21,PUEBLA,98,MAZAPILTEPEC DE JUAREZ,PVEM,36,1556,2,39,1597,2154,No
2019,21,PUEBLA,98,MAZAPILTEPEC DE JUAREZ,MC,545,1556,2,39,1597,2154,No
2019,21,PUEBLA,98,MAZAPILTEPEC DE JUAREZ,PCPP,217,1556,2,39,1597,2154,No
2019,21,PUEBLA,98,MAZAPILTEPEC DE JUAREZ,PSI,8,1556,2,39,1597,2154,No
2019,21,PUEBLA,98,MAZAPILTEPEC DE JUAREZ,MORENA,190,1556,2,39,1597,2154,No
2019,21,PUEBLA,98,MAZAPILTEPEC DE JUAREZ,ES,55,1556,2,39,1597,2154,No
2019,21,PUEBLA,98,MAZAPILTEPEC DE JUAREZ,C_COMUN_PRI_PCPP,44,1556,2,39,1597,2154,Sí
2019,21,PUEBLA,107,OCOYUCAN,PAN,2612,14134,1,478,14613,25115,No
2019,21,PUEBLA,107,OCOYUCAN,PRI,5726,14134,1,478,14613,25115,No
2019,21,PUEBLA,107,OCOYUCAN,PRD,2488,14134,1,478,14613,25115,No
2019,21,PUEBLA,107,OCOYUCAN,PT,179,14134,1,478,14613,25115,No
2019,21,PUEBLA,107,OCOYUCAN,PVEM,109,14134,1,478,14613,25115,No
2019,21,PUEBLA,107,OCOYUCAN,MC,150,14134,1,478,14613,25115,No
2019,21,PUEBLA,107,OCOYUCAN,PCPP,379,14134,1,478,14613,25115,No
2019,21,PUEBLA,107,OCOYUCAN,MORENA,2057,14134,1,478,14613,25115,No
2019,21,PUEBLA,107,OCOYUCAN,ES,22,14134,1,478,14613,25115,No
2019,21,PUEBLA,107,OCOYUCAN,C_COMUN_PRD_MC_PCPP,148,14134,1,478,14613,25115,Sí
2019,21,PUEBLA,107,OCOYUCAN,PRD_MC...32,44,14134,1,478,14613,25115,Sí
2019,21,PUEBLA,107,OCOYUCAN,PRD_PCPP...33,53,14134,1,478,14613,25115,Sí
2019,21,PUEBLA,107,OCOYUCAN,MC_PCPP...34,14,14134,1,478,14613,25115,Sí
2019,21,PUEBLA,107,OCOYUCAN,PT_PVEM_MORENA_ES,20,14134,1,478,14613,25115,Sí
2019,21,PUEBLA,107,OCOYUCAN,PT_PVEM_MORENA,37,14134,1,478,14613,25115,Sí
2019,21,PUEBLA,107,OCOYUCAN,PT_PVEM_ES,2,14134,1,478,14613,25115,Sí
2019,21,PUEBLA,107,OCOYUCAN,PT_MORENA_ES,14,14134,1,478,14613,25115,Sí
2019,21,PUEBLA,107,OCOYUCAN,PVEM_MORENA_ES,7,14134,1,478,14613,25115,Sí
2019,21,PUEBLA,107,OCOYUCAN,PT_PVEM,13,14134,1,478,14613,25115,Sí
2019,21,PUEBLA,107,OCOYUCAN,PT_MORENA...41,32,14134,1,478,14613,25115,Sí
2019,21,PUEBLA,107,OCOYUCAN,PT_ES...42,1,14134,1,478,14613,25115,Sí
2019,21,PUEBLA,107,OCOYUCAN,PVEM_MORENA,17,14134,1,478,14613,25115,Sí
2019,21,PUEBLA,107,OCOYUCAN,MORENA_ES...45,10,14134,1,478,14613,25115,Sí
2019,21,PUEBLA,165,TEPEOJUMA,PRI,2263,4576,1,181,4758,6887,No
2019,21,PUEBLA,165,TEPEOJUMA,PT,587,4576,1,181,4758,6887,No
2019,21,PUEBLA,165,TEPEOJUMA,PVEM,11,4576,1,181,4758,6887,No
2019,21,PUEBLA,165,TEPEOJUMA,MC,15,4576,1,181,4758,6887,No
2019,21,PUEBLA,165,TEPEOJUMA,MORENA,1445,4576,1,181,4758,6887,No
2019,21,PUEBLA,165,TEPEOJUMA,ES,21,4576,1,181,4758,6887,No
2019,21,PUEBLA,165,TEPEOJUMA,C_COMUN_PT_MORENA_ES,36,4576,1,181,4758,6887,Sí
2019,21,PUEBLA,165,TEPEOJUMA,PT_MORENA...47,180,4576,1,181,4758,6887,Sí
2019,21,PUEBLA,165,TEPEOJUMA,PT_ES...48,8,4576,1,181,4758,6887,Sí
2019,21,PUEBLA,165,TEPEOJUMA,MORENA_ES...49,10,4576,1,181,4758,6887,Sí
2019,13,HIDALGO,1,ACATLAN,PAN,2664,10030,3,167,10200,16736,No
2019,13,HIDALGO,1,ACATLAN,PRI,3074,10030,3,167,10200,16736,No
2019,13,HIDALGO,1,ACATLAN,PRD,17,10030,3,167,10200,16736,No
2019,13,HIDALGO,1,ACATLAN,PT,162,10030,3,167,10200,16736,No
2019,13,HIDALGO,1,ACATLAN,MORENA,347,10030,3,167,10200,16736,No
2019,13,HIDALGO,1,ACATLAN,PODEMOS,122,10030,3,167,10200,16736,No
2019,13,HIDALGO,1,ACATLAN,NUAL,3583,10030,3,167,10200,16736,No
2019,13,HIDALGO,1,ACATLAN,ESH,61,10030,3,167,10200,16736,No
2019,13,HIDALGO,3,ACTOPAN,PAN,122,21374,2,587,21963,45468,No
2019,13,HIDALGO,3,ACTOPAN,PRI,3767,21374,2,587,21963,45468,No
2019,13,HIDALGO,3,ACTOPAN,PRD,302,21374,2,587,21963,45468,No
2019,13,HIDALGO,3,ACTOPAN,PVEM,91,21374,2,587,21963,45468,No
2019,13,HIDALGO,3,ACTOPAN,PT,286,21374,2,587,21963,45468,No
2019,13,HIDALGO,3,ACTOPAN,MC,215,21374,2,587,21963,45468,No
2019,13,HIDALGO,3,ACTOPAN,MORENA,4141,21374,2,587,21963,45468,No
2019,13,HIDALGO,3,ACTOPAN,PODEMOS,4560,21374,2,587,21963,45468,No
2019,13,HIDALGO,3,ACTOPAN,MAS_X_HIDALGO,1980,21374,2,587,21963,45468,Sí
2019,13,HIDALGO,3,ACTOPAN,NUAL,1700,21374,2,587,21963,45468,No
2019,13,HIDALGO,3,ACTOPAN,ESH,122,21374,2,587,21963,45468,No
2019,13,HIDALGO,3,ACTOPAN,PAN_PRD,21,21374,2,587,21963,45468,Sí
2019,13,HIDALGO,3,ACTOPAN,PVEM_PT_MORENA_ESH,110,21374,2,587,21963,45468,Sí
2019,13,HIDALGO,3,ACTOPAN,PVEM_PT_MORENA,16,21374,2,587,21963,45468,Sí
2019,13,HIDALGO,3,ACTOPAN,PVEM_PT_ESH,1,21374,2,587,21963,45468,Sí
2019,13,HIDALGO,3,ACTOPAN,PVEM_PT,3,21374,2,587,21963,45468,Sí
2019,13,HIDALGO,3,ACTOPAN,PVEM_MORENA,19,21374,2,587,21963,45468,Sí
2019,13,HIDALGO,3,ACTOPAN,PVEM_ESH,2,21374,2,587,21963,45468,Sí
2019,13,HIDALGO,3,ACTOPAN,PVEM_MORENA_ESH,13,21374,2,587,21963,45468,Sí
2019,13,HIDALGO,3,ACTOPAN,PT_MORENA_ESH,25,21374,2,587,21963,45468,Sí
2019,13,HIDALGO,3,ACTOPAN,PT_MORENA,74,21374,2,587,21963,45468,Sí
2019,13,HIDALGO,3,ACTOPAN,PT_ESH,2,21374,2,587,21963,45468,Sí
2019,13,HIDALGO,3,ACTOPAN,MORENA_ESH,9,21374,2,587,21963,45468,Sí
2019,13,HIDALGO,3,ACTOPAN,Candidatura Independiente,3793,21374,2,587,21963,45468,No
2019,13,HIDALGO,5,AJACUBA,PAN,1725,9114,5,135,9254,13580,No
2019,13,HIDALGO,5,AJACUBA,PRI,1876,9114,5,135,9254,13580,No
2019,13,HIDALGO,5,AJACUBA,PRD,632,9114,5,135,9254,13580,No
2019,13,HIDALGO,5,AJACUBA,PVEM,1119,9114,5,135,9254,13580,No
2019,13,HIDALGO,5,AJACUBA,PT,1109,9114,5,135,9254,13580,No
2019,13,HIDALGO,5,AJACUBA,MC,68,9114,5,135,9254,13580,No
2019,13,HIDALGO,5,AJACUBA,MORENA,818,9114,5,135,9254,13580,No
2019,13,HIDALGO,5,AJACUBA,PODEMOS,128,9114,5,135,9254,13580,No
2019,13,HIDALGO,5,AJACUBA,MAS_X_HIDALGO,135,9114,5,135,9254,13580,Sí
2019,13,HIDALGO,5,AJACUBA,NUAL,1357,9114,5,135,9254,13580,No
2019,13,HIDALGO,5,AJACUBA,ESH,147,9114,5,135,9254,13580,No
2019,13,HIDALGO,6,ALFAJAYUCAN,PAN,47,9304,2,194,9500,15037,No
2019,13,HIDALGO,6,ALFAJAYUCAN,PRI,1483,9304,2,194,9500,15037,No
2019,13,HIDALGO,6,ALFAJAYUCAN,PRD,273,9304,2,194,9500,15037,No
2019,13,HIDALGO,6,ALFAJAYUCAN,PVEM,2387,9304,2,194,9500,15037,No
2019,13,HIDALGO,6,ALFAJAYUCAN,PT,2025,9304,2,194,9500,15037,No
2019,13,HIDALGO,6,ALFAJAYUCAN,MORENA,746,9304,2,194,9500,15037,No
2019,13,HIDALGO,6,ALFAJAYUCAN,PODEMOS,295,9304,2,194,9500,15037,No
2019,13,HIDALGO,6,ALFAJAYUCAN,MAS_X_HIDALGO,58,9304,2,194,9500,15037,Sí
2019,13,HIDALGO,6,ALFAJAYUCAN,NUAL,702,9304,2,194,9500,15037,No
2019,13,HIDALGO,6,ALFAJAYUCAN,ESH,1288,9304,2,194,9500,15037,No
2019,13,HIDALGO,7,ALMOLOYA,PAN,1130,5476,1,103,5580,9093,No
2019,13,HIDALGO,7,ALMOLOYA,PRI,1202,5476,1,103,5580,9093,No
2019,13,HIDALGO,7,ALMOLOYA,PRD,301,5476,1,103,5580,9093,No
2019,13,HIDALGO,7,ALMOLOYA,PVEM,20,5476,1,103,5580,9093,No
2019,13,HIDALGO,7,ALMOLOYA,PT,549,5476,1,103,5580,9093,No
2019,13,HIDALGO,7,ALMOLOYA,MC,316,5476,1,103,5580,9093,No
2019,13,HIDALGO,7,ALMOLOYA,MORENA,57,5476,1,103,5580,9093,No
2019,13,HIDALGO,7,ALMOLOYA,PODEMOS,105,5476,1,103,5580,9093,No
2019,13,HIDALGO,7,ALMOLOYA,MAS_X_HIDALGO,369,5476,1,103,5580,9093,Sí
2019,13,HIDALGO,7,ALMOLOYA,NUAL,200,5476,1,103,5580,9093,No
2019,13,HIDALGO,7,ALMOLOYA,ESH,8,5476,1,103,5580,9093,No
2019,13,HIDALGO,7,ALMOLOYA,PVEM_PT_MORENA_ESH,7,5476,1,103,5580,9093,Sí
2019,13,HIDALGO,7,ALMOLOYA,PVEM_PT_MORENA,3,5476,1,103,5580,9093,Sí
2019,13,HIDALGO,7,ALMOLOYA,PVEM_PT_ESH,2,5476,1,103,5580,9093,Sí
2019,13,HIDALGO,7,ALMOLOYA,PVEM_PT,4,5476,1,103,5580,9093,Sí
2019,13,HIDALGO,7,ALMOLOYA,PT_MORENA,7,5476,1,103,5580,9093,Sí
2019,13,HIDALGO,7,ALMOLOYA,MORENA_ESH,1,5476,1,103,5580,9093,Sí
2019,13,HIDALGO,7,ALMOLOYA,Candidatura Independiente,1195,5476,1,103,5580,9093,No
2019,13,HIDALGO,8,APAN,PAN,477,17799,16,395,18210,33928,No
2019,13,HIDALGO,8,APAN,PRI,4419,17799,16,395,18210,33928,No
2019,13,HIDALGO,8,APAN,PRD,1157,17799,16,395,18210,33928,No
2019,13,HIDALGO,8,APAN,PVEM,584,17799,16,395,18210,33928,No
2019,13,HIDALGO,8,APAN,PT,3883,17799,16,395,18210,33928,No
2019,13,HIDALGO,8,APAN,MC,827,17799,16,395,18210,33928,No
2019,13,HIDALGO,8,APAN,MORENA,1133,17799,16,395,18210,33928,No
2019,13,HIDALGO,8,APAN,PODEMOS,435,17799,16,395,18210,33928,No
2019,13,HIDALGO,8,APAN,MAS_X_HIDALGO,545,17799,16,395,18210,33928,Sí
2019,13,HIDALGO,8,APAN,NUAL,2132,17799,16,395,18210,33928,No
2019,13,HIDALGO,8,APAN,ESH,1819,17799,16,395,18210,33928,No
2019,13,HIDALGO,8,APAN,Candidatura Independiente,388,17799,16,395,18210,33928,No
2019,13,HIDALGO,9,ATITALAQUIA,PAN,1220,11883,3,211,12097,20927,No
2019,13,HIDALGO,9,ATITALAQUIA,PRI,2255,11883,3,211,12097,20927,No
2019,13,HIDALGO,9,ATITALAQUIA,PRD,716,11883,3,211,12097,20927,No
2019,13,HIDALGO,9,ATITALAQUIA,PVEM,1933,11883,3,211,12097,20927,No
2019,13,HIDALGO,9,ATITALAQUIA,PT,314,11883,3,211,12097,20927,No
2019,13,HIDALGO,9,ATITALAQUIA,MC,1471,11883,3,211,12097,20927,No
2019,13,HIDALGO,9,ATITALAQUIA,MORENA,1363,11883,3,211,12097,20927,No
2019,13,HIDALGO,9,ATITALAQUIA,PODEMOS,80,11883,3,211,12097,20927,No
2019,13,HIDALGO,9,ATITALAQUIA,MAS_X_HIDALGO,810,11883,3,211,12097,20927,Sí
2019,13,HIDALGO,9,ATITALAQUIA,NUAL,546,11883,3,211,12097,20927,No
2019,13,HIDALGO,9,ATITALAQUIA,ESH,1175,11883,3,211,12097,20927,No
2019,13,HIDALGO,10,ATLAPEXCO,PAN,970,11177,79,307,11563,14483,No
2019,13,HIDALGO,10,ATLAPEXCO,PRI,3070,11177,79,307,11563,14483,No
2019,13,HIDALGO,10,ATLAPEXCO,PRD,50,11177,79,307,11563,14483,No
2019,13,HIDALGO,10,ATLAPEXCO,PT,156,11177,79,307,11563,14483,No
2019,13,HIDALGO,10,ATLAPEXCO,PODEMOS,137,11177,79,307,11563,14483,No
2019,13,HIDALGO,10,ATLAPEXCO,NUAL,3039,11177,79,307,11563,14483,No
2019,13,HIDALGO,10,ATLAPEXCO,ESH,3755,11177,79,307,11563,14483,No
2019,13,HIDALGO,11,ATOTONILCO EL GRANDE,PAN,1314,13399,2,338,13739,23134,No
2019,13,HIDALGO,11,ATOTONILCO EL GRANDE,PRI,2338,13399,2,338,13739,23134,No
2019,13,HIDALGO,11,ATOTONILCO EL GRANDE,PRD,295,13399,2,338,13739,23134,No
2019,13,HIDALGO,11,ATOTONILCO EL GRANDE,PVEM,272,13399,2,338,13739,23134,No
2019,13,HIDALGO,11,ATOTONILCO EL GRANDE,PT,953,13399,2,338,13739,23134,No
2019,13,HIDALGO,11,ATOTONILCO EL GRANDE,MC,1037,13399,2,338,13739,23134,No
2019,13,HIDALGO,11,ATOTONILCO EL GRANDE,MORENA,1826,13399,2,338,13739,23134,No
2019,13,HIDALGO,11,ATOTONILCO EL GRANDE,PODEMOS,2567,13399,2,338,13739,23134,No
2019,13,HIDALGO,11,ATOTONILCO EL GRANDE,MAS_X_HIDALGO,556,13399,2,338,13739,23134,Sí
2019,13,HIDALGO,11,ATOTONILCO EL GRANDE,NUAL,2019,13399,2,338,13739,23134,No
2019,13,HIDALGO,11,ATOTONILCO EL GRANDE,ESH,89,13399,2,338,13739,23134,No
2019,13,HIDALGO,11,ATOTONILCO EL GRANDE,PAN_PRD,133,13399,2,338,13739,23134,Sí
2019,13,HIDALGO,12,ATOTONILCO DE TULA,PAN,1124,17409,16,379,17804,34947,No
2019,13,HIDALGO,12,ATOTONILCO DE TULA,PRI,1427,17409,16,379,17804,34947,No
2019,13,HIDALGO,12,ATOTONILCO DE TULA,PRD,1647,17409,16,379,17804,34947,No
2019,13,HIDALGO,12,ATOTONILCO DE TULA,PVEM,870,17409,16,379,17804,34947,No
2019,13,HIDALGO,12,ATOTONILCO DE TULA,PT,2607,17409,16,379,17804,34947,No
2019,13,HIDALGO,12,ATOTONILCO DE TULA,MC,210,17409,16,379,17804,34947,No
2019,13,HIDALGO,12,ATOTONILCO DE TULA,MORENA,1730,17409,16,379,17804,34947,No
2019,13,HIDALGO,12,ATOTONILCO DE TULA,PODEMOS,197,17409,16,379,17804,34947,No
2019,13,HIDALGO,12,ATOTONILCO DE TULA,MAS_X_HIDALGO,3103,17409,16,379,17804,34947,Sí
2019,13,HIDALGO,12,ATOTONILCO DE TULA,NUAL,1305,17409,16,379,17804,34947,No
2019,13,HIDALGO,12,ATOTONILCO DE TULA,ESH,865,17409,16,379,17804,34947,No
2019,13,HIDALGO,12,ATOTONILCO DE TULA,PAN_PRD,1089,17409,16,379,17804,34947,Sí
2019,13,HIDALGO,12,ATOTONILCO DE TULA,Candidatura Independiente,1235,17409,16,379,17804,34947,No
2019,13,HIDALGO,14,CARDONAL,PAN,58,9109,6,192,9307,14580,No
2019,13,HIDALGO,14,CARDONAL,PRI,1670,9109,6,192,9307,14580,No
2019,13,HIDALGO,14,CARDONAL,PRD,768,9109,6,192,9307,14580,No
2019,13,HIDALGO,14,CARDONAL,PVEM,430,9109,6,192,9307,14580,No
2019,13,HIDALGO,14,CARDONAL,PT,2254,9109,6,192,9307,14580,No
2019,13,HIDALGO,14,CARDONAL,MC,139,9109,6,192,9307,14580,No
2019,13,HIDALGO,14,CARDONAL,MORENA,1273,9109,6,192,9307,14580,No
2019,13,HIDALGO,14,CARDONAL,PODEMOS,972,9109,6,192,9307,14580,No
2019,13,HIDALGO,14,CARDONAL,NUAL,767,9109,6,192,9307,14580,No
2019,13,HIDALGO,14,CARDONAL,ESH,12,9109,6,192,9307,14580,No
2019,13,HIDALGO,14,CARDONAL,Candidatura Independiente,766,9109,6,192,9307,14580,No
2019,13,HIDALGO,15,CUAUTEPEC DE HINOJOSA,PAN,700,20235,6,475,20716,43005,No
2019,13,HIDALGO,15,CUAUTEPEC DE HINOJOSA,PRI,5364,20235,6,475,20716,43005,No
2019,13,HIDALGO,15,CUAUTEPEC DE HINOJOSA,PRD,479,20235,6,475,20716,43005,No
2019,13,HIDALGO,15,CUAUTEPEC DE HINOJOSA,PVEM,774,20235,6,475,20716,43005,No
2019,13,HIDALGO,15,CUAUTEPEC DE HINOJOSA,PT,121,20235,6,475,20716,43005,No
2019,13,HIDALGO,15,CUAUTEPEC DE HINOJOSA,MC,4207,20235,6,475,20716,43005,No
2019,13,HIDALGO,15,CUAUTEPEC DE HINOJOSA,MORENA,2006,20235,6,475,20716,43005,No
2019,13,HIDALGO,15,CUAUTEPEC DE HINOJOSA,PODEMOS,379,20235,6,475,20716,43005,No
2019,13,HIDALGO,15,CUAUTEPEC DE HINOJOSA,MAS_X_HIDALGO,439,20235,6,475,20716,43005,Sí
2019,13,HIDALGO,15,CUAUTEPEC DE HINOJOSA,NUAL,1226,20235,6,475,20716,43005,No
2019,13,HIDALGO,15,CUAUTEPEC DE HINOJOSA,ESH,2676,20235,6,475,20716,43005,No
2019,13,HIDALGO,15,CUAUTEPEC DE HINOJOSA,PAN_PRD,116,20235,6,475,20716,43005,Sí
2019,13,HIDALGO,15,CUAUTEPEC DE HINOJOSA,Candidatura Independiente,1748,20235,6,475,20716,43005,No
2019,13,HIDALGO,17,CHAPULHUACAN,PRI,2439,10304,11,314,10629,16286,No
2019,13,HIDALGO,17,CHAPULHUACAN,PRD,4995,10304,11,314,10629,16286,No
2019,13,HIDALGO,17,CHAPULHUACAN,MORENA,578,10304,11,314,10629,16286,No
2019,13,HIDALGO,17,CHAPULHUACAN,PODEMOS,78,10304,11,314,10629,16286,No
2019,13,HIDALGO,17,CHAPULHUACAN,NUAL,152,10304,11,314,10629,16286,No
2019,13,HIDALGO,17,CHAPULHUACAN,ESH,2062,10304,11,314,10629,16286,No
2019,13,HIDALGO,20,ELOXOCHITLAN,PAN,1,2293,1,27,2321,2585,No
2019,13,HIDALGO,20,ELOXOCHITLAN,PRI,44,2293,1,27,2321,2585,No
2019,13,HIDALGO,20,ELOXOCHITLAN,PRD,1119,2293,1,27,2321,2585,No
2019,13,HIDALGO,20,ELOXOCHITLAN,PVEM,1,2293,1,27,2321,2585,No
2019,13,HIDALGO,20,ELOXOCHITLAN,PT,4,2293,1,27,2321,2585,No
2019,13,HIDALGO,20,ELOXOCHITLAN,MC,3,2293,1,27,2321,2585,No
2019,13,HIDALGO,20,ELOXOCHITLAN,MORENA,32,2293,1,27,2321,2585,No
2019,13,HIDALGO,20,ELOXOCHITLAN,PODEMOS,1087,2293,1,27,2321,2585,No
2019,13,HIDALGO,20,ELOXOCHITLAN,NUAL,1,2293,1,27,2321,2585,No
2019,13,HIDALGO,20,ELOXOCHITLAN,PT_MORENA,1,2293,1,27,2321,2585,Sí
2019,13,HIDALGO,21,EMILIANO ZAPATA,PAN,328,6321,7,157,6485,11207,No
2019,13,HIDALGO,21,EMILIANO ZAPATA,PRI,1968,6321,7,157,6485,11207,No
2019,13,HIDALGO,21,EMILIANO ZAPATA,PVEM,40,6321,7,157,6485,11207,No
2019,13,HIDALGO,21,EMILIANO ZAPATA,PT,28,6321,7,157,6485,11207,No
2019,13,HIDALGO,21,EMILIANO ZAPATA,MORENA,571,6321,7,157,6485,11207,No
2019,13,HIDALGO,21,EMILIANO ZAPATA,PODEMOS,380,6321,7,157,6485,11207,No
2019,13,HIDALGO,21,EMILIANO ZAPATA,MAS_X_HIDALGO,190,6321,7,157,6485,11207,Sí
2019,13,HIDALGO,21,EMILIANO ZAPATA,NUAL,2182,6321,7,157,6485,11207,No
2019,13,HIDALGO,21,EMILIANO ZAPATA,ESH,86,6321,7,157,6485,11207,No
2019,13,HIDALGO,21,EMILIANO ZAPATA,PVEM_PT_MORENA_ESH,13,6321,7,157,6485,11207,Sí
2019,13,HIDALGO,21,EMILIANO ZAPATA,PVEM_PT_MORENA,6,6321,7,157,6485,11207,Sí
2019,13,HIDALGO,21,EMILIANO ZAPATA,PVEM_PT,1,6321,7,157,6485,11207,Sí
2019,13,HIDALGO,21,EMILIANO ZAPATA,PVEM_MORENA,1,6321,7,157,6485,11207,Sí
2019,13,HIDALGO,21,EMILIANO ZAPATA,PVEM_ESH,2,6321,7,157,6485,11207,Sí
2019,13,HIDALGO,21,EMILIANO ZAPATA,PVEM_MORENA_ESH,2,6321,7,157,6485,11207,Sí
2019,13,HIDALGO,21,EMILIANO ZAPATA,PT_MORENA_ESH,2,6321,7,157,6485,11207,Sí
2019,13,HIDALGO,21,EMILIANO ZAPATA,PT_MORENA,1,6321,7,157,6485,11207,Sí
2019,13,HIDALGO,21,EMILIANO ZAPATA,MORENA_ESH,3,6321,7,157,6485,11207,Sí
2019,13,HIDALGO,21,EMILIANO ZAPATA,Candidatura Independiente,517,6321,7,157,6485,11207,No
2019,13,HIDALGO,23,FRANCISCO I. MADERO,PAN,29,16230,5,308,16543,27171,No
2019,13,HIDALGO,23,FRANCISCO I. MADERO,PRI,2420,16230,5,308,16543,27171,No
2019,13,HIDALGO,23,FRANCISCO I. MADERO,PRD,256,16230,5,308,16543,27171,No
2019,13,HIDALGO,23,FRANCISCO I. MADERO,PVEM,1219,16230,5,308,16543,27171,No
2019,13,HIDALGO,23,FRANCISCO I. MADERO,PT,1004,16230,5,308,16543,27171,No
2019,13,HIDALGO,23,FRANCISCO I. MADERO,MC,511,16230,5,308,16543,27171,No
2019,13,HIDALGO,23,FRANCISCO I. MADERO,MORENA,2896,16230,5,308,16543,27171,No
2019,13,HIDALGO,23,FRANCISCO I. MADERO,PODEMOS,1763,16230,5,308,16543,27171,No
2019,13,HIDALGO,23,FRANCISCO I. MADERO,NUAL,5700,16230,5,308,16543,27171,No
2019,13,HIDALGO,23,FRANCISCO I. MADERO,ESH,411,16230,5,308,16543,27171,No
2019,13,HIDALGO,23,FRANCISCO I. MADERO,PAN_PRD,21,16230,5,308,16543,27171,Sí
2019,13,HIDALGO,25,HUAUTLA,PAN,398,11708,1,274,11983,15766,No
2019,13,HIDALGO,25,HUAUTLA,PRI,999,11708,1,274,11983,15766,No
2019,13,HIDALGO,25,HUAUTLA,PRD,116,11708,1,274,11983,15766,No
2019,13,HIDALGO,25,HUAUTLA,PVEM,489,11708,1,274,11983,15766,No
2019,13,HIDALGO,25,HUAUTLA,PT,503,11708,1,274,11983,15766,No
2019,13,HIDALGO,25,HUAUTLA,MC,114,11708,1,274,11983,15766,No
2019,13,HIDALGO,25,HUAUTLA,MORENA,2067,11708,1,274,11983,15766,No
2019,13,HIDALGO,25,HUAUTLA,PODEMOS,788,11708,1,274,11983,15766,No
2019,13,HIDALGO,25,HUAUTLA,NUAL,2585,11708,1,274,11983,15766,No
2019,13,HIDALGO,25,HUAUTLA,ESH,3455,11708,1,274,11983,15766,No
2019,13,HIDALGO,25,HUAUTLA,Candidatura Independiente,194,11708,1,274,11983,15766,No
2019,13,HIDALGO,26,HUAZALINGO,PAN,17,6964,2,175,7141,8938,No
2019,13,HIDALGO,26,HUAZALINGO,PRI,3563,6964,2,175,7141,8938,No
2019,13,HIDALGO,26,HUAZALINGO,PRD,2809,6964,2,175,7141,8938,No
2019,13,HIDALGO,26,HUAZALINGO,PT,26,6964,2,175,7141,8938,No
2019,13,HIDALGO,26,HUAZALINGO,MORENA,352,6964,2,175,7141,8938,No
2019,13,HIDALGO,26,HUAZALINGO,PODEMOS,34,6964,2,175,7141,8938,No
2019,13,HIDALGO,26,HUAZALINGO,MAS_X_HIDALGO,95,6964,2,175,7141,8938,Sí
2019,13,HIDALGO,26,HUAZALINGO,NUAL,16,6964,2,175,7141,8938,No
2019,13,HIDALGO,26,HUAZALINGO,ESH,52,6964,2,175,7141,8938,No
2019,13,HIDALGO,27,HUEHUETLA,PAN,20,12002,304,348,12654,16729,No
2019,13,HIDALGO,27,HUEHUETLA,PRI,3287,12002,304,348,12654,16729,No
2019,13,HIDALGO,27,HUEHUETLA,PRD,17,12002,304,348,12654,16729,No
2019,13,HIDALGO,27,HUEHUETLA,PVEM,194,12002,304,348,12654,16729,No
2019,13,HIDALGO,27,HUEHUETLA,PT,275,12002,304,348,12654,16729,No
2019,13,HIDALGO,27,HUEHUETLA,MORENA,94,12002,304,348,12654,16729,No
2019,13,HIDALGO,27,HUEHUETLA,PODEMOS,4202,12002,304,348,12654,16729,No
2019,13,HIDALGO,27,HUEHUETLA,MAS_X_HIDALGO,76,12002,304,348,12654,16729,Sí
2019,13,HIDALGO,27,HUEHUETLA,NUAL,2762,12002,304,348,12654,16729,No
2019,13,HIDALGO,27,HUEHUETLA,ESH,15,12002,304,348,12654,16729,No
2019,13,HIDALGO,27,HUEHUETLA,Candidatura Independiente,1060,12002,304,348,12654,16729,No
2019,13,HIDALGO,28,HUEJUTLA DE REYES,PAN,11181,52135,2,2000,54137,90549,No
2019,13,HIDALGO,28,HUEJUTLA DE REYES,PRI,11725,52135,2,2000,54137,90549,No
2019,13,HIDALGO,28,HUEJUTLA DE REYES,PRD,347,52135,2,2000,54137,90549,No
2019,13,HIDALGO,28,HUEJUTLA DE REYES,PVEM,369,52135,2,2000,54137,90549,No
2019,13,HIDALGO,28,HUEJUTLA DE REYES,PT,947,52135,2,2000,54137,90549,No
2019,13,HIDALGO,28,HUEJUTLA DE REYES,MORENA,6476,52135,2,2000,54137,90549,No
2019,13,HIDALGO,28,HUEJUTLA DE REYES,PODEMOS,1100,52135,2,2000,54137,90549,No
2019,13,HIDALGO,28,HUEJUTLA DE REYES,NUAL,2036,52135,2,2000,54137,90549,No
2019,13,HIDALGO,28,HUEJUTLA DE REYES,ESH,16393,52135,2,2000,54137,90549,No
2019,13,HIDALGO,28,HUEJUTLA DE REYES,PAN_PRD,201,52135,2,2000,54137,90549,Sí
2019,13,HIDALGO,28,HUEJUTLA DE REYES,Candidatura Independiente,1360,52135,2,2000,54137,90549,No
2019,13,HIDALGO,29,HUICHAPAN,PAN,325,19496,1,410,19907,34909,No
2019,13,HIDALGO,29,HUICHAPAN,PRI,4502,19496,1,410,19907,34909,No
2019,13,HIDALGO,29,HUICHAPAN,PRD,61,19496,1,410,19907,34909,No
2019,13,HIDALGO,29,HUICHAPAN,PVEM,5894,19496,1,410,19907,34909,No
2019,13,HIDALGO,29,HUICHAPAN,PT,3318,19496,1,410,19907,34909,No
2019,13,HIDALGO,29,HUICHAPAN,MC,118,19496,1,410,19907,34909,No
2019,13,HIDALGO,29,HUICHAPAN,MORENA,4668,19496,1,410,19907,34909,No
2019,13,HIDALGO,29,HUICHAPAN,PODEMOS,160,19496,1,410,19907,34909,No
2019,13,HIDALGO,29,HUICHAPAN,NUAL,369,19496,1,410,19907,34909,No
2019,13,HIDALGO,29,HUICHAPAN,ESH,49,19496,1,410,19907,34909,No
2019,13,HIDALGO,29,HUICHAPAN,PAN_PRD,32,19496,1,410,19907,34909,Sí
2019,13,HIDALGO,32,JALTOCAN,PAN,266,5784,1,112,5897,7664,No
2019,13,HIDALGO,32,JALTOCAN,PRI,1548,5784,1,112,5897,7664,No
2019,13,HIDALGO,32,JALTOCAN,PRD,1975,5784,1,112,5897,7664,No
2019,13,HIDALGO,32,JALTOCAN,MC,18,5784,1,112,5897,7664,No
2019,13,HIDALGO,32,JALTOCAN,MORENA,1500,5784,1,112,5897,7664,No
2019,13,HIDALGO,32,JALTOCAN,PODEMOS,153,5784,1,112,5897,7664,No
2019,13,HIDALGO,32,JALTOCAN,NUAL,70,5784,1,112,5897,7664,No
2019,13,HIDALGO,32,JALTOCAN,ESH,86,5784,1,112,5897,7664,No
2019,13,HIDALGO,32,JALTOCAN,Candidatura Independiente,168,5784,1,112,5897,7664,No
2019,13,HIDALGO,34,LA MISION,PAN,31,5433,1,169,5603,7907,No
2019,13,HIDALGO,34,LA MISION,PRI,213,5433,1,169,5603,7907,No
2019,13,HIDALGO,34,LA MISION,PRD,3564,5433,1,169,5603,7907,No
2019,13,HIDALGO,34,LA MISION,MORENA,1292,5433,1,169,5603,7907,No
2019,13,HIDALGO,34,LA MISION,PODEMOS,108,5433,1,169,5603,7907,No
2019,13,HIDALGO,34,LA MISION,NUAL,172,5433,1,169,5603,7907,No
2019,13,HIDALGO,34,LA MISION,ESH,8,5433,1,169,5603,7907,No
2019,13,HIDALGO,34,LA MISION,PAN_PRD,45,5433,1,169,5603,7907,Sí
2019,13,HIDALGO,36,METEPEC,PAN,27,6772,7,124,6903,9239,No
2019,13,HIDALGO,36,METEPEC,PRI,182,6772,7,124,6903,9239,No
2019,13,HIDALGO,36,METEPEC,PRD,98,6772,7,124,6903,9239,No
2019,13,HIDALGO,36,METEPEC,PVEM,191,6772,7,124,6903,9239,No
2019,13,HIDALGO,36,METEPEC,PT,92,6772,7,124,6903,9239,No
2019,13,HIDALGO,36,METEPEC,MORENA,1025,6772,7,124,6903,9239,No
2019,13,HIDALGO,36,METEPEC,PODEMOS,117,6772,7,124,6903,9239,No
2019,13,HIDALGO,36,METEPEC,NUAL,1671,6772,7,124,6903,9239,No
2019,13,HIDALGO,36,METEPEC,ESH,2961,6772,7,124,6903,9239,No
2019,13,HIDALGO,36,METEPEC,PAN_PRD,21,6772,7,124,6903,9239,Sí
2019,13,HIDALGO,36,METEPEC,PVEM_PT_MORENA_ESH,145,6772,7,124,6903,9239,Sí
2019,13,HIDALGO,36,METEPEC,PVEM_PT_MORENA,16,6772,7,124,6903,9239,Sí
2019,13,HIDALGO,36,METEPEC,PVEM_PT_ESH,20,6772,7,124,6903,9239,Sí
2019,13,HIDALGO,36,METEPEC,PVEM_PT,4,6772,7,124,6903,9239,Sí
2019,13,HIDALGO,36,METEPEC,PVEM_MORENA,21,6772,7,124,6903,9239,Sí
2019,13,HIDALGO,36,METEPEC,PVEM_ESH,24,6772,7,124,6903,9239,Sí
2019,13,HIDALGO,36,METEPEC,PVEM_MORENA_ESH,41,6772,7,124,6903,9239,Sí
2019,13,HIDALGO,36,METEPEC,PT_MORENA_ESH,25,6772,7,124,6903,9239,Sí
2019,13,HIDALGO,36,METEPEC,PT_MORENA,11,6772,7,124,6903,9239,Sí
2019,13,HIDALGO,36,METEPEC,PT_ESH,8,6772,7,124,6903,9239,Sí
2019,13,HIDALGO,36,METEPEC,MORENA_ESH,72,6772,7,124,6903,9239,Sí
2019,13,HIDALGO,37,METZTITLAN,PAN,14,12067,7,190,12264,16591,No
2019,13,HIDALGO,37,METZTITLAN,PRI,6827,12067,7,190,12264,16591,No
2019,13,HIDALGO,37,METZTITLAN,PRD,4712,12067,7,190,12264,16591,No
2019,13,HIDALGO,37,METZTITLAN,PODEMOS,224,12067,7,190,12264,16591,No
2019,13,HIDALGO,37,METZTITLAN,NUAL,57,12067,7,190,12264,16591,No
2019,13,HIDALGO,37,METZTITLAN,PAN_PRD,233,12067,7,190,12264,16591,Sí
2019,13,HIDALGO,38,MINERAL DEL CHICO,PAN,31,4665,1,111,4777,6900,No
2019,13,HIDALGO,38,MINERAL DEL CHICO,PRI,1568,4665,1,111,4777,6900,No
2019,13,HIDALGO,38,MINERAL DEL CHICO,PRD,2081,4665,1,111,4777,6900,No
2019,13,HIDALGO,38,MINERAL DEL CHICO,PT,308,4665,1,111,4777,6900,No
2019,13,HIDALGO,38,MINERAL DEL CHICO,MC,251,4665,1,111,4777,6900,No
2019,13,HIDALGO,38,MINERAL DEL CHICO,PODEMOS,97,4665,1,111,4777,6900,No
2019,13,HIDALGO,38,MINERAL DEL CHICO,NUAL,293,4665,1,111,4777,6900,No
2019,13,HIDALGO,38,MINERAL DEL CHICO,ESH,36,4665,1,111,4777,6900,No
2019,13,HIDALGO,39,MINERAL DEL MONTE,PAN,114,7048,7,206,7261,11136,No
2019,13,HIDALGO,39,MINERAL DEL MONTE,PRI,1345,7048,7,206,7261,11136,No
2019,13,HIDALGO,39,MINERAL DEL MONTE,PRD,14,7048,7,206,7261,11136,No
2019,13,HIDALGO,39,MINERAL DEL MONTE,PVEM,429,7048,7,206,7261,11136,No
2019,13,HIDALGO,39,MINERAL DEL MONTE,PT,291,7048,7,206,7261,11136,No
2019,13,HIDALGO,39,MINERAL DEL MONTE,MC,599,7048,7,206,7261,11136,No
2019,13,HIDALGO,39,MINERAL DEL MONTE,MORENA,327,7048,7,206,7261,11136,No
2019,13,HIDALGO,39,MINERAL DEL MONTE,PODEMOS,1051,7048,7,206,7261,11136,No
2019,13,HIDALGO,39,MINERAL DEL MONTE,MAS_X_HIDALGO,40,7048,7,206,7261,11136,Sí
2019,13,HIDALGO,39,MINERAL DEL MONTE,NUAL,925,7048,7,206,7261,11136,No
2019,13,HIDALGO,39,MINERAL DEL MONTE,ESH,215,7048,7,206,7261,11136,No
2019,13,HIDALGO,39,MINERAL DEL MONTE,PAN_PRD,5,7048,7,206,7261,11136,Sí
2019,13,HIDALGO,39,MINERAL DEL MONTE,Candidatura Independiente,1269,7048,7,206,7261,11136,No
2019,13,HIDALGO,39,MINERAL DEL MONTE,Candidatura Independiente,424,7048,7,206,7261,11136,No
2019,13,HIDALGO,40,MINERAL DE LA REFORMA,PAN,3475,45675,42,1228,46945,126788,No
2019,13,HIDALGO,40,MINERAL DE LA REFORMA,PRI,21001,45675,42,1228,46945,126788,No
2019,13,HIDALGO,40,MINERAL DE LA REFORMA,PRD,438,45675,42,1228,46945,126788,No
2019,13,HIDALGO,40,MINERAL DE LA REFORMA,PVEM,349,45675,42,1228,46945,126788,No
2019,13,HIDALGO,40,MINERAL DE LA REFORMA,PT,538,45675,42,1228,46945,126788,No
2019,13,HIDALGO,40,MINERAL DE LA REFORMA,MC,583,45675,42,1228,46945,126788,No
2019,13,HIDALGO,40,MINERAL DE LA REFORMA,MORENA,13700,45675,42,1228,46945,126788,No
2019,13,HIDALGO,40,MINERAL DE LA REFORMA,PODEMOS,2547,45675,42,1228,46945,126788,No
2019,13,HIDALGO,40,MINERAL DE LA REFORMA,MAS_X_HIDALGO,534,45675,42,1228,46945,126788,Sí
2019,13,HIDALGO,40,MINERAL DE LA REFORMA,NUAL,2094,45675,42,1228,46945,126788,No
2019,13,HIDALGO,40,MINERAL DE LA REFORMA,ESH,239,45675,42,1228,46945,126788,No
2019,13,HIDALGO,40,MINERAL DE LA REFORMA,PVEM_PT_MORENA_ESH,37,45675,42,1228,46945,126788,Sí
2019,13,HIDALGO,40,MINERAL DE LA REFORMA,PVEM_PT_MORENA,26,45675,42,1228,46945,126788,Sí
2019,13,HIDALGO,40,MINERAL DE LA REFORMA,PVEM_PT_ESH,3,45675,42,1228,46945,126788,Sí
2019,13,HIDALGO,40,MINERAL DE LA REFORMA,PVEM_PT,4,45675,42,1228,46945,126788,Sí
2019,13,HIDALGO,40,MINERAL DE LA REFORMA,PVEM_MORENA,27,45675,42,1228,46945,126788,Sí
2019,13,HIDALGO,40,MINERAL DE LA REFORMA,PVEM_ESH,2,45675,42,1228,46945,126788,Sí
2019,13,HIDALGO,40,MINERAL DE LA REFORMA,PVEM_MORENA_ESH,3,45675,42,1228,46945,126788,Sí
2019,13,HIDALGO,40,MINERAL DE LA REFORMA,PT_MORENA_ESH,5,45675,42,1228,46945,126788,Sí
2019,13,HIDALGO,40,MINERAL DE LA REFORMA,PT_MORENA,55,45675,42,1228,46945,126788,Sí
2019,13,HIDALGO,40,MINERAL DE LA REFORMA,PT_ESH,1,45675,42,1228,46945,126788,Sí
2019,13,HIDALGO,40,MINERAL DE LA REFORMA,MORENA_ESH,14,45675,42,1228,46945,126788,Sí
2019,13,HIDALGO,41,MIXQUIAHUALA DE JUAREZ,PRI,796,17337,7,363,17707,32819,No
2019,13,HIDALGO,41,MIXQUIAHUALA DE JUAREZ,PRD,58,17337,7,363,17707,32819,No
2019,13,HIDALGO,41,MIXQUIAHUALA DE JUAREZ,PVEM,4833,17337,7,363,17707,32819,No
2019,13,HIDALGO,41,MIXQUIAHUALA DE JUAREZ,PT,1410,17337,7,363,17707,32819,No
2019,13,HIDALGO,41,MIXQUIAHUALA DE JUAREZ,MC,169,17337,7,363,17707,32819,No
2019,13,HIDALGO,41,MIXQUIAHUALA DE JUAREZ,MORENA,5459,17337,7,363,17707,32819,No
2019,13,HIDALGO,41,MIXQUIAHUALA DE JUAREZ,PODEMOS,321,17337,7,363,17707,32819,No
2019,13,HIDALGO,41,MIXQUIAHUALA DE JUAREZ,MAS_X_HIDALGO,320,17337,7,363,17707,32819,Sí
2019,13,HIDALGO,41,MIXQUIAHUALA DE JUAREZ,NUAL,457,17337,7,363,17707,32819,No
2019,13,HIDALGO,41,MIXQUIAHUALA DE JUAREZ,ESH,2542,17337,7,363,17707,32819,No
2019,13,HIDALGO,41,MIXQUIAHUALA DE JUAREZ,Candidatura Independiente,972,17337,7,363,17707,32819,No
2019,13,HIDALGO,42,MOLANGO DE ESCAMILLA,PAN,187,5771,1,188,5960,8075,No
2019,13,HIDALGO,42,MOLANGO DE ESCAMILLA,PRI,1238,5771,1,188,5960,8075,No
2019,13,HIDALGO,42,MOLANGO DE ESCAMILLA,PRD,1122,5771,1,188,5960,8075,No
2019,13,HIDALGO,42,MOLANGO DE ESCAMILLA,PVEM,223,5771,1,188,5960,8075,No
2019,13,HIDALGO,42,MOLANGO DE ESCAMILLA,PT,379,5771,1,188,5960,8075,No
2019,13,HIDALGO,42,MOLANGO DE ESCAMILLA,MC,625,5771,1,188,5960,8075,No
2019,13,HIDALGO,42,MOLANGO DE ESCAMILLA,MORENA,254,5771,1,188,5960,8075,No
2019,13,HIDALGO,42,MOLANGO DE ESCAMILLA,PODEMOS,247,5771,1,188,5960,8075,No
2019,13,HIDALGO,42,MOLANGO DE ESCAMILLA,MAS_X_HIDALGO,201,5771,1,188,5960,8075,Sí
2019,13,HIDALGO,42,MOLANGO DE ESCAMILLA,NUAL,731,5771,1,188,5960,8075,No
2019,13,HIDALGO,42,MOLANGO DE ESCAMILLA,ESH,564,5771,1,188,5960,8075,No
2019,13,HIDALGO,43,NICOLAS FLORES,PAN,1630,3762,2,70,3834,5058,No
2019,13,HIDALGO,43,NICOLAS FLORES,PRI,541,3762,2,70,3834,5058,No
2019,13,HIDALGO,43,NICOLAS FLORES,PRD,21,3762,2,70,3834,5058,No
2019,13,HIDALGO,43,NICOLAS FLORES,PVEM,117,3762,2,70,3834,5058,No
2019,13,HIDALGO,43,NICOLAS FLORES,PT,131,3762,2,70,3834,5058,No
2019,13,HIDALGO,43,NICOLAS FLORES,MORENA,1181,3762,2,70,3834,5058,No
2019,13,HIDALGO,43,NICOLAS FLORES,PODEMOS,36,3762,2,70,3834,5058,No
2019,13,HIDALGO,43,NICOLAS FLORES,NUAL,20,3762,2,70,3834,5058,No
2019,13,HIDALGO,43,NICOLAS FLORES,ESH,18,3762,2,70,3834,5058,No
2019,13,HIDALGO,43,NICOLAS FLORES,PAN_PRD,9,3762,2,70,3834,5058,Sí
2019,13,HIDALGO,43,NICOLAS FLORES,PVEM_PT_MORENA_ESH,10,3762,2,70,3834,5058,Sí
2019,13,HIDALGO,43,NICOLAS FLORES,PVEM_PT_MORENA,7,3762,2,70,3834,5058,Sí
2019,13,HIDALGO,43,NICOLAS FLORES,PVEM_PT_ESH,1,3762,2,70,3834,5058,Sí
2019,13,HIDALGO,43,NICOLAS FLORES,PVEM_PT,4,3762,2,70,3834,5058,Sí
2019,13,HIDALGO,43,NICOLAS FLORES,PVEM_MORENA,10,3762,2,70,3834,5058,Sí
2019,13,HIDALGO,43,NICOLAS FLORES,PVEM_MORENA_ESH,5,3762,2,70,3834,5058,Sí
2019,13,HIDALGO,43,NICOLAS FLORES,PT_MORENA_ESH,4,3762,2,70,3834,5058,Sí
2019,13,HIDALGO,43,NICOLAS FLORES,PT_MORENA,14,3762,2,70,3834,5058,Sí
2019,13,HIDALGO,43,NICOLAS FLORES,MORENA_ESH,3,3762,2,70,3834,5058,Sí
2019,13,HIDALGO,44,NOPALA DE VILLAGRAN,PAN,1532,7921,2,145,8068,11565,No
2019,13,HIDALGO,44,NOPALA DE VILLAGRAN,PRI,1515,7921,2,145,8068,11565,No
2019,13,HIDALGO,44,NOPALA DE VILLAGRAN,PRD,28,7921,2,145,8068,11565,No
2019,13,HIDALGO,44,NOPALA DE VILLAGRAN,PVEM,1014,7921,2,145,8068,11565,No
2019,13,HIDALGO,44,NOPALA DE VILLAGRAN,PT,110,7921,2,145,8068,11565,No
2019,13,HIDALGO,44,NOPALA DE VILLAGRAN,MC,748,7921,2,145,8068,11565,No
2019,13,HIDALGO,44,NOPALA DE VILLAGRAN,MORENA,1747,7921,2,145,8068,11565,No
2019,13,HIDALGO,44,NOPALA DE VILLAGRAN,PODEMOS,64,7921,2,145,8068,11565,No
2019,13,HIDALGO,44,NOPALA DE VILLAGRAN,NUAL,1140,7921,2,145,8068,11565,No
2019,13,HIDALGO,44,NOPALA DE VILLAGRAN,ESH,13,7921,2,145,8068,11565,No
2019,13,HIDALGO,44,NOPALA DE VILLAGRAN,PAN_PRD,10,7921,2,145,8068,11565,Sí
2019,13,HIDALGO,47,PACHUCA DE SOTO,PAN,4838,87968,46,2526,90540,232399,No
2019,13,HIDALGO,47,PACHUCA DE SOTO,PRI,32759,87968,46,2526,90540,232399,No
2019,13,HIDALGO,47,PACHUCA DE SOTO,PRD,1494,87968,46,2526,90540,232399,No
2019,13,HIDALGO,47,PACHUCA DE SOTO,PVEM,407,87968,46,2526,90540,232399,No
2019,13,HIDALGO,47,PACHUCA DE SOTO,PT,1207,87968,46,2526,90540,232399,No
2019,13,HIDALGO,47,PACHUCA DE SOTO,MC,1302,87968,46,2526,90540,232399,No
2019,13,HIDALGO,47,PACHUCA DE SOTO,MORENA,28055,87968,46,2526,90540,232399,No
2019,13,HIDALGO,47,PACHUCA DE SOTO,PODEMOS,1559,87968,46,2526,90540,232399,No
2019,13,HIDALGO,47,PACHUCA DE SOTO,MAS_X_HIDALGO,670,87968,46,2526,90540,232399,Sí
2019,13,HIDALGO,47,PACHUCA DE SOTO,NUAL,3134,87968,46,2526,90540,232399,No
2019,13,HIDALGO,47,PACHUCA DE SOTO,ESH,432,87968,46,2526,90540,232399,No
2019,13,HIDALGO,47,PACHUCA DE SOTO,PVEM_PT_MORENA_ESH,86,87968,46,2526,90540,232399,Sí
2019,13,HIDALGO,47,PACHUCA DE SOTO,PVEM_PT_MORENA,44,87968,46,2526,90540,232399,Sí
2019,13,HIDALGO,47,PACHUCA DE SOTO,PVEM_PT_ESH,1,87968,46,2526,90540,232399,Sí
2019,13,HIDALGO,47,PACHUCA DE SOTO,PVEM_PT,4,87968,46,2526,90540,232399,Sí
2019,13,HIDALGO,47,PACHUCA DE SOTO,PVEM_MORENA,51,87968,46,2526,90540,232399,Sí
2019,13,HIDALGO,47,PACHUCA DE SOTO,PVEM_MORENA_ESH,14,87968,46,2526,90540,232399,Sí
2019,13,HIDALGO,47,PACHUCA DE SOTO,PT_MORENA_ESH,30,87968,46,2526,90540,232399,Sí
2019,13,HIDALGO,47,PACHUCA DE SOTO,PT_MORENA,219,87968,46,2526,90540,232399,Sí
2019,13,HIDALGO,47,PACHUCA DE SOTO,PT_ESH,7,87968,46,2526,90540,232399,Sí
2019,13,HIDALGO,47,PACHUCA DE SOTO,MORENA_ESH,30,87968,46,2526,90540,232399,Sí
2019,13,HIDALGO,47,PACHUCA DE SOTO,Candidatura Independiente,11625,87968,46,2526,90540,232399,No
2019,13,HIDALGO,49,PROGRESO DE OBREGON,PAN,1318,10285,1,174,10460,18115,No
2019,13,HIDALGO,49,PROGRESO DE OBREGON,PRI,2080,10285,1,174,10460,18115,No
2019,13,HIDALGO,49,PROGRESO DE OBREGON,PRD,35,10285,1,174,10460,18115,No
2019,13,HIDALGO,49,PROGRESO DE OBREGON,PVEM,82,10285,1,174,10460,18115,No
2019,13,HIDALGO,49,PROGRESO DE OBREGON,PT,943,10285,1,174,10460,18115,No
2019,13,HIDALGO,49,PROGRESO DE OBREGON,MC,98,10285,1,174,10460,18115,No
2019,13,HIDALGO,49,PROGRESO DE OBREGON,MORENA,3078,10285,1,174,10460,18115,No
2019,13,HIDALGO,49,PROGRESO DE OBREGON,PODEMOS,156,10285,1,174,10460,18115,No
2019,13,HIDALGO,49,PROGRESO DE OBREGON,MAS_X_HIDALGO,806,10285,1,174,10460,18115,Sí
2019,13,HIDALGO,49,PROGRESO DE OBREGON,NUAL,658,10285,1,174,10460,18115,No
2019,13,HIDALGO,49,PROGRESO DE OBREGON,ESH,38,10285,1,174,10460,18115,No
2019,13,HIDALGO,49,PROGRESO DE OBREGON,PVEM_PT_MORENA_ESH,73,10285,1,174,10460,18115,Sí
2019,13,HIDALGO,49,PROGRESO DE OBREGON,PVEM_PT_MORENA,36,10285,1,174,10460,18115,Sí
2019,13,HIDALGO,49,PROGRESO DE OBREGON,PVEM_PT_ESH,5,10285,1,174,10460,18115,Sí
2019,13,HIDALGO,49,PROGRESO DE OBREGON,PVEM_PT,13,10285,1,174,10460,18115,Sí
2019,13,HIDALGO,49,PROGRESO DE OBREGON,PVEM_MORENA,16,10285,1,174,10460,18115,Sí
2019,13,HIDALGO,49,PROGRESO DE OBREGON,PVEM_MORENA_ESH,3,10285,1,174,10460,18115,Sí
2019,13,HIDALGO,49,PROGRESO DE OBREGON,PT_MORENA_ESH,27,10285,1,174,10460,18115,Sí
2019,13,HIDALGO,49,PROGRESO DE OBREGON,PT_MORENA,168,10285,1,174,10460,18115,Sí
2019,13,HIDALGO,49,PROGRESO DE OBREGON,PT_ESH,3,10285,1,174,10460,18115,Sí
2019,13,HIDALGO,49,PROGRESO DE OBREGON,MORENA_ESH,6,10285,1,174,10460,18115,Sí
2019,13,HIDALGO,49,PROGRESO DE OBREGON,Candidatura Independiente,643,10285,1,174,10460,18115,No
2019,13,HIDALGO,50,SAN AGUSTIN METZQUITITLAN,PAN,14,5556,2,86,5644,7537,No
2019,13,HIDALGO,50,SAN AGUSTIN METZQUITITLAN,PRI,2151,5556,2,86,5644,7537,No
2019,13,HIDALGO,50,SAN AGUSTIN METZQUITITLAN,PRD,52,5556,2,86,5644,7537,No
2019,13,HIDALGO,50,SAN AGUSTIN METZQUITITLAN,PT,149,5556,2,86,5644,7537,No
2019,13,HIDALGO,50,SAN AGUSTIN METZQUITITLAN,MC,349,5556,2,86,5644,7537,No
2019,13,HIDALGO,50,SAN AGUSTIN METZQUITITLAN,PODEMOS,429,5556,2,86,5644,7537,No
2019,13,HIDALGO,50,SAN AGUSTIN METZQUITITLAN,MAS_X_HIDALGO,1417,5556,2,86,5644,7537,Sí
2019,13,HIDALGO,50,SAN AGUSTIN METZQUITITLAN,NUAL,148,5556,2,86,5644,7537,No
2019,13,HIDALGO,50,SAN AGUSTIN METZQUITITLAN,ESH,847,5556,2,86,5644,7537,No
2019,13,HIDALGO,51,SAN AGUSTIN TLAXIACA,PAN,563,13558,2,321,13881,24619,No
2019,13,HIDALGO,51,SAN AGUSTIN TLAXIACA,PRI,5442,13558,2,321,13881,24619,No
2019,13,HIDALGO,51,SAN AGUSTIN TLAXIACA,PRD,245,13558,2,321,13881,24619,No
2019,13,HIDALGO,51,SAN AGUSTIN TLAXIACA,PVEM,123,13558,2,321,13881,24619,No
2019,13,HIDALGO,51,SAN AGUSTIN TLAXIACA,PT,169,13558,2,321,13881,24619,No
2019,13,HIDALGO,51,SAN AGUSTIN TLAXIACA,MC,44,13558,2,321,13881,24619,No
2019,13,HIDALGO,51,SAN AGUSTIN TLAXIACA,MORENA,2027,13558,2,321,13881,24619,No
2019,13,HIDALGO,51,SAN AGUSTIN TLAXIACA,PODEMOS,268,13558,2,321,13881,24619,No
2019,13,HIDALGO,51,SAN AGUSTIN TLAXIACA,NUAL,3599,13558,2,321,13881,24619,No
2019,13,HIDALGO,51,SAN AGUSTIN TLAXIACA,ESH,82,13558,2,321,13881,24619,No
2019,13,HIDALGO,51,SAN AGUSTIN TLAXIACA,Candidatura Independiente,996,13558,2,321,13881,24619,No
2019,13,HIDALGO,52,SAN BARTOLO TUTOTEPEC,PAN,38,9538,8,322,9868,12809,No
2019,13,HIDALGO,52,SAN BARTOLO TUTOTEPEC,PRI,2875,9538,8,322,9868,12809,No
2019,13,HIDALGO,52,SAN BARTOLO TUTOTEPEC,PRD,4467,9538,8,322,9868,12809,No
2019,13,HIDALGO,52,SAN BARTOLO TUTOTEPEC,PODEMOS,25,9538,8,322,9868,12809,No
2019,13,HIDALGO,52,SAN BARTOLO TUTOTEPEC,NUAL,2068,9538,8,322,9868,12809,No
2019,13,HIDALGO,52,SAN BARTOLO TUTOTEPEC,ESH,7,9538,8,322,9868,12809,No
2019,13,HIDALGO,52,SAN BARTOLO TUTOTEPEC,Candidatura Independiente,58,9538,8,322,9868,12809,No
2019,13,HIDALGO,53,SAN FELIPE ORIZATLAN,PAN,3485,18833,4,784,19621,27771,No
2019,13,HIDALGO,53,SAN FELIPE ORIZATLAN,PRI,7129,18833,4,784,19621,27771,No
2019,13,HIDALGO,53,SAN FELIPE ORIZATLAN,PRD,114,18833,4,784,19621,27771,No
2019,13,HIDALGO,53,SAN FELIPE ORIZATLAN,PT,264,18833,4,784,19621,27771,No
2019,13,HIDALGO,53,SAN FELIPE ORIZATLAN,MC,63,18833,4,784,19621,27771,No
2019,13,HIDALGO,53,SAN FELIPE ORIZATLAN,MORENA,1355,18833,4,784,19621,27771,No
2019,13,HIDALGO,53,SAN FELIPE ORIZATLAN,PODEMOS,255,18833,4,784,19621,27771,No
2019,13,HIDALGO,53,SAN FELIPE ORIZATLAN,NUAL,6086,18833,4,784,19621,27771,No
2019,13,HIDALGO,53,SAN FELIPE ORIZATLAN,ESH,27,18833,4,784,19621,27771,No
2019,13,HIDALGO,53,SAN FELIPE ORIZATLAN,PAN_PRD,55,18833,4,784,19621,27771,Sí
2019,13,HIDALGO,54,SAN SALVADOR,PAN,1739,15050,2,321,15373,25936,No
2019,13,HIDALGO,54,SAN SALVADOR,PRI,2102,15050,2,321,15373,25936,No
2019,13,HIDALGO,54,SAN SALVADOR,PRD,229,15050,2,321,15373,25936,No
2019,13,HIDALGO,54,SAN SALVADOR,PVEM,460,15050,2,321,15373,25936,No
2019,13,HIDALGO,54,SAN SALVADOR,PT,285,15050,2,321,15373,25936,No
2019,13,HIDALGO,54,SAN SALVADOR,MC,177,15050,2,321,15373,25936,No
2019,13,HIDALGO,54,SAN SALVADOR,MORENA,4185,15050,2,321,15373,25936,No
2019,13,HIDALGO,54,SAN SALVADOR,PODEMOS,1116,15050,2,321,15373,25936,No
2019,13,HIDALGO,54,SAN SALVADOR,NUAL,3228,15050,2,321,15373,25936,No
2019,13,HIDALGO,54,SAN SALVADOR,ESH,1529,15050,2,321,15373,25936,No
2019,13,HIDALGO,55,SANTIAGO DE ANAYA,PAN,52,8311,24,142,8477,13021,No
2019,13,HIDALGO,55,SANTIAGO DE ANAYA,PRI,2550,8311,24,142,8477,13021,No
2019,13,HIDALGO,55,SANTIAGO DE ANAYA,PRD,53,8311,24,142,8477,13021,No
2019,13,HIDALGO,55,SANTIAGO DE ANAYA,PVEM,34,8311,24,142,8477,13021,No
2019,13,HIDALGO,55,SANTIAGO DE ANAYA,PT,52,8311,24,142,8477,13021,No
2019,13,HIDALGO,55,SANTIAGO DE ANAYA,MC,261,8311,24,142,8477,13021,No
2019,13,HIDALGO,55,SANTIAGO DE ANAYA,MORENA,1522,8311,24,142,8477,13021,No
2019,13,HIDALGO,55,SANTIAGO DE ANAYA,PODEMOS,117,8311,24,142,8477,13021,No
2019,13,HIDALGO,55,SANTIAGO DE ANAYA,NUAL,436,8311,24,142,8477,13021,No
2019,13,HIDALGO,55,SANTIAGO DE ANAYA,ESH,3228,8311,24,142,8477,13021,No
2019,13,HIDALGO,55,SANTIAGO DE ANAYA,PAN_PRD,6,8311,24,142,8477,13021,Sí
2019,13,HIDALGO,56,SANTIAGO TULANTEPEC DE LUGO GUERRERO,PAN,212,12846,12,333,13191,26178,No
2019,13,HIDALGO,56,SANTIAGO TULANTEPEC DE LUGO GUERRERO,PRI,3680,12846,12,333,13191,26178,No
2019,13,HIDALGO,56,SANTIAGO TULANTEPEC DE LUGO GUERRERO,PRD,750,12846,12,333,13191,26178,No
2019,13,HIDALGO,56,SANTIAGO TULANTEPEC DE LUGO GUERRERO,PVEM,44,12846,12,333,13191,26178,No
2019,13,HIDALGO,56,SANTIAGO TULANTEPEC DE LUGO GUERRERO,PT,297,12846,12,333,13191,26178,No
2019,13,HIDALGO,56,SANTIAGO TULANTEPEC DE LUGO GUERRERO,MC,62,12846,12,333,13191,26178,No
2019,13,HIDALGO,56,SANTIAGO TULANTEPEC DE LUGO GUERRERO,PODEMOS,2522,12846,12,333,13191,26178,No
2019,13,HIDALGO,56,SANTIAGO TULANTEPEC DE LUGO GUERRERO,MAS_X_HIDALGO,53,12846,12,333,13191,26178,Sí
2019,13,HIDALGO,56,SANTIAGO TULANTEPEC DE LUGO GUERRERO,NUAL,1423,12846,12,333,13191,26178,No
2019,13,HIDALGO,56,SANTIAGO TULANTEPEC DE LUGO GUERRERO,ESH,2247,12846,12,333,13191,26178,No
2019,13,HIDALGO,56,SANTIAGO TULANTEPEC DE LUGO GUERRERO,PAN_PRD,194,12846,12,333,13191,26178,Sí
2019,13,HIDALGO,56,SANTIAGO TULANTEPEC DE LUGO GUERRERO,Candidatura Independiente,466,12846,12,333,13191,26178,No
2019,13,HIDALGO,56,SANTIAGO TULANTEPEC DE LUGO GUERRERO,Candidatura Independiente,896,12846,12,333,13191,26178,No
2019,13,HIDALGO,57,SINGUILUCAN,PAN,1011,8664,1,158,8823,12653,No
2019,13,HIDALGO,57,SINGUILUCAN,PRI,1988,8664,1,158,8823,12653,No
2019,13,HIDALGO,57,SINGUILUCAN,PRD,117,8664,1,158,8823,12653,No
2019,13,HIDALGO,57,SINGUILUCAN,PVEM,166,8664,1,158,8823,12653,No
2019,13,HIDALGO,57,SINGUILUCAN,PT,369,8664,1,158,8823,12653,No
2019,13,HIDALGO,57,SINGUILUCAN,MORENA,160,8664,1,158,8823,12653,No
2019,13,HIDALGO,57,SINGUILUCAN,PODEMOS,114,8664,1,158,8823,12653,No
2019,13,HIDALGO,57,SINGUILUCAN,NUAL,2154,8664,1,158,8823,12653,No
2019,13,HIDALGO,57,SINGUILUCAN,ESH,825,8664,1,158,8823,12653,No
2019,13,HIDALGO,57,SINGUILUCAN,Candidatura Independiente,1760,8664,1,158,8823,12653,No
2019,13,HIDALGO,58,TASQUILLO,PAN,22,7348,7,225,7580,14504,No
2019,13,HIDALGO,58,TASQUILLO,PRI,1898,7348,7,225,7580,14504,No
2019,13,HIDALGO,58,TASQUILLO,PRD,1119,7348,7,225,7580,14504,No
2019,13,HIDALGO,58,TASQUILLO,PT,32,7348,7,225,7580,14504,No
2019,13,HIDALGO,58,TASQUILLO,MORENA,964,7348,7,225,7580,14504,No
2019,13,HIDALGO,58,TASQUILLO,PODEMOS,1392,7348,7,225,7580,14504,No
2019,13,HIDALGO,58,TASQUILLO,MAS_X_HIDALGO,163,7348,7,225,7580,14504,Sí
2019,13,HIDALGO,58,TASQUILLO,NUAL,421,7348,7,225,7580,14504,No
2019,13,HIDALGO,58,TASQUILLO,ESH,1337,7348,7,225,7580,14504,No
2019,13,HIDALGO,59,TECOZAUTLA,PAN,2414,16878,3,319,17200,27551,No
2019,13,HIDALGO,59,TECOZAUTLA,PRI,1875,16878,3,319,17200,27551,No
2019,13,HIDALGO,59,TECOZAUTLA,PVEM,1463,16878,3,319,17200,27551,No
2019,13,HIDALGO,59,TECOZAUTLA,PT,2330,16878,3,319,17200,27551,No
2019,13,HIDALGO,59,TECOZAUTLA,MC,36,16878,3,319,17200,27551,No
2019,13,HIDALGO,59,TECOZAUTLA,MORENA,2407,16878,3,319,17200,27551,No
2019,13,HIDALGO,59,TECOZAUTLA,PODEMOS,1193,16878,3,319,17200,27551,No
2019,13,HIDALGO,59,TECOZAUTLA,NUAL,1434,16878,3,319,17200,27551,No
2019,13,HIDALGO,59,TECOZAUTLA,ESH,23,16878,3,319,17200,27551,No
2019,13,HIDALGO,59,TECOZAUTLA,Candidatura Independiente,753,16878,3,319,17200,27551,No
2019,13,HIDALGO,59,TECOZAUTLA,Candidatura Independiente,2950,16878,3,319,17200,27551,No
2019,13,HIDALGO,61,TEPEAPULCO,PAN,1131,21503,12,528,22043,44307,No
2019,13,HIDALGO,61,TEPEAPULCO,PRI,2333,21503,12,528,22043,44307,No
2019,13,HIDALGO,61,TEPEAPULCO,PRD,179,21503,12,528,22043,44307,No
2019,13,HIDALGO,61,TEPEAPULCO,PVEM,2789,21503,12,528,22043,44307,No
2019,13,HIDALGO,61,TEPEAPULCO,PT,1931,21503,12,528,22043,44307,No
2019,13,HIDALGO,61,TEPEAPULCO,MC,183,21503,12,528,22043,44307,No
2019,13,HIDALGO,61,TEPEAPULCO,MORENA,5287,21503,12,528,22043,44307,No
2019,13,HIDALGO,61,TEPEAPULCO,PODEMOS,518,21503,12,528,22043,44307,No
2019,13,HIDALGO,61,TEPEAPULCO,MAS_X_HIDALGO,1774,21503,12,528,22043,44307,Sí
2019,13,HIDALGO,61,TEPEAPULCO,NUAL,548,21503,12,528,22043,44307,No
2019,13,HIDALGO,61,TEPEAPULCO,ESH,156,21503,12,528,22043,44307,No
2019,13,HIDALGO,61,TEPEAPULCO,Candidatura Independiente,4674,21503,12,528,22043,44307,No
2019,13,HIDALGO,63,TEPEJI DEL RIO DE OCAMPO,PAN,5721,27809,23,638,28470,62432,No
2019,13,HIDALGO,63,TEPEJI DEL RIO DE OCAMPO,PRI,6295,27809,23,638,28470,62432,No
2019,13,HIDALGO,63,TEPEJI DEL RIO DE OCAMPO,PRD,3024,27809,23,638,28470,62432,No
2019,13,HIDALGO,63,TEPEJI DEL RIO DE OCAMPO,PVEM,1863,27809,23,638,28470,62432,No
2019,13,HIDALGO,63,TEPEJI DEL RIO DE OCAMPO,PT,2025,27809,23,638,28470,62432,No
2019,13,HIDALGO,63,TEPEJI DEL RIO DE OCAMPO,MC,499,27809,23,638,28470,62432,No
2019,13,HIDALGO,63,TEPEJI DEL RIO DE OCAMPO,MORENA,4129,27809,23,638,28470,62432,No
2019,13,HIDALGO,63,TEPEJI DEL RIO DE OCAMPO,PODEMOS,510,27809,23,638,28470,62432,No
2019,13,HIDALGO,63,TEPEJI DEL RIO DE OCAMPO,MAS_X_HIDALGO,591,27809,23,638,28470,62432,Sí
2019,13,HIDALGO,63,TEPEJI DEL RIO DE OCAMPO,NUAL,1197,27809,23,638,28470,62432,No
2019,13,HIDALGO,63,TEPEJI DEL RIO DE OCAMPO,ESH,1955,27809,23,638,28470,62432,No
2019,13,HIDALGO,64,TEPETITLAN,PAN,3086,5688,1,101,5790,7989,No
2019,13,HIDALGO,64,TEPETITLAN,PRI,724,5688,1,101,5790,7989,No
2019,13,HIDALGO,64,TEPETITLAN,PVEM,114,5688,1,101,5790,7989,No
2019,13,HIDALGO,64,TEPETITLAN,PT,87,5688,1,101,5790,7989,No
2019,13,HIDALGO,64,TEPETITLAN,MC,20,5688,1,101,5790,7989,No
2019,13,HIDALGO,64,TEPETITLAN,MORENA,1153,5688,1,101,5790,7989,No
2019,13,HIDALGO,64,TEPETITLAN,PODEMOS,229,5688,1,101,5790,7989,No
2019,13,HIDALGO,64,TEPETITLAN,MAS_X_HIDALGO,35,5688,1,101,5790,7989,Sí
2019,13,HIDALGO,64,TEPETITLAN,NUAL,79,5688,1,101,5790,7989,No
2019,13,HIDALGO,64,TEPETITLAN,ESH,18,5688,1,101,5790,7989,No
2019,13,HIDALGO,64,TEPETITLAN,PVEM_PT_MORENA_ESH,56,5688,1,101,5790,7989,Sí
2019,13,HIDALGO,64,TEPETITLAN,PVEM_PT_MORENA,23,5688,1,101,5790,7989,Sí
2019,13,HIDALGO,64,TEPETITLAN,PVEM_PT_ESH,10,5688,1,101,5790,7989,Sí
2019,13,HIDALGO,64,TEPETITLAN,PVEM_PT,14,5688,1,101,5790,7989,Sí
2019,13,HIDALGO,64,TEPETITLAN,PVEM_MORENA,14,5688,1,101,5790,7989,Sí
2019,13,HIDALGO,64,TEPETITLAN,PVEM_MORENA_ESH,8,5688,1,101,5790,7989,Sí
2019,13,HIDALGO,64,TEPETITLAN,PT_MORENA_ESH,6,5688,1,101,5790,7989,Sí
2019,13,HIDALGO,64,TEPETITLAN,PT_MORENA,7,5688,1,101,5790,7989,Sí
2019,13,HIDALGO,64,TEPETITLAN,PT_ESH,2,5688,1,101,5790,7989,Sí
2019,13,HIDALGO,64,TEPETITLAN,MORENA_ESH,3,5688,1,101,5790,7989,Sí
2019,13,HIDALGO,65,TETEPANGO,PAN,53,6484,2,91,6577,8905,No
2019,13,HIDALGO,65,TETEPANGO,PRI,928,6484,2,91,6577,8905,No
2019,13,HIDALGO,65,TETEPANGO,PVEM,8,6484,2,91,6577,8905,No
2019,13,HIDALGO,65,TETEPANGO,PT,2456,6484,2,91,6577,8905,No
2019,13,HIDALGO,65,TETEPANGO,MC,953,6484,2,91,6577,8905,No
2019,13,HIDALGO,65,TETEPANGO,MORENA,236,6484,2,91,6577,8905,No
2019,13,HIDALGO,65,TETEPANGO,PODEMOS,64,6484,2,91,6577,8905,No
2019,13,HIDALGO,65,TETEPANGO,MAS_X_HIDALGO,62,6484,2,91,6577,8905,Sí
2019,13,HIDALGO,65,TETEPANGO,NUAL,146,6484,2,91,6577,8905,No
2019,13,HIDALGO,65,TETEPANGO,ESH,173,6484,2,91,6577,8905,No
2019,13,HIDALGO,65,TETEPANGO,Candidatura Independiente,1405,6484,2,91,6577,8905,No
2019,13,HIDALGO,66,TEZONTEPEC DE ALDAMA,PAN,7620,22929,4,467,23400,37189,No
2019,13,HIDALGO,66,TEZONTEPEC DE ALDAMA,PRI,1641,22929,4,467,23400,37189,No
2019,13,HIDALGO,66,TEZONTEPEC DE ALDAMA,PRD,6071,22929,4,467,23400,37189,No
2019,13,HIDALGO,66,TEZONTEPEC DE ALDAMA,PVEM,333,22929,4,467,23400,37189,No
2019,13,HIDALGO,66,TEZONTEPEC DE ALDAMA,PT,69,22929,4,467,23400,37189,No
2019,13,HIDALGO,66,TEZONTEPEC DE ALDAMA,MC,65,22929,4,467,23400,37189,No
2019,13,HIDALGO,66,TEZONTEPEC DE ALDAMA,MORENA,6062,22929,4,467,23400,37189,No
2019,13,HIDALGO,66,TEZONTEPEC DE ALDAMA,PODEMOS,301,22929,4,467,23400,37189,No
2019,13,HIDALGO,66,TEZONTEPEC DE ALDAMA,MAS_X_HIDALGO,101,22929,4,467,23400,37189,Sí
2019,13,HIDALGO,66,TEZONTEPEC DE ALDAMA,NUAL,602,22929,4,467,23400,37189,No
2019,13,HIDALGO,66,TEZONTEPEC DE ALDAMA,ESH,64,22929,4,467,23400,37189,No
2019,13,HIDALGO,67,TIANGUISTENGO,PAN,44,7912,2,274,8188,10647,No
2019,13,HIDALGO,67,TIANGUISTENGO,PRI,1489,7912,2,274,8188,10647,No
2019,13,HIDALGO,67,TIANGUISTENGO,PRD,77,7912,2,274,8188,10647,No
2019,13,HIDALGO,67,TIANGUISTENGO,PVEM,30,7912,2,274,8188,10647,No
2019,13,HIDALGO,67,TIANGUISTENGO,PT,51,7912,2,274,8188,10647,No
2019,13,HIDALGO,67,TIANGUISTENGO,MC,577,7912,2,274,8188,10647,No
2019,13,HIDALGO,67,TIANGUISTENGO,MORENA,678,7912,2,274,8188,10647,No
2019,13,HIDALGO,67,TIANGUISTENGO,PODEMOS,306,7912,2,274,8188,10647,No
2019,13,HIDALGO,67,TIANGUISTENGO,MAS_X_HIDALGO,151,7912,2,274,8188,10647,Sí
2019,13,HIDALGO,67,TIANGUISTENGO,NUAL,4412,7912,2,274,8188,10647,No
2019,13,HIDALGO,67,TIANGUISTENGO,ESH,49,7912,2,274,8188,10647,No
2019,13,HIDALGO,67,TIANGUISTENGO,PVEM_PT_MORENA_ESH,35,7912,2,274,8188,10647,Sí
2019,13,HIDALGO,67,TIANGUISTENGO,PVEM_PT_MORENA,1,7912,2,274,8188,10647,Sí
2019,13,HIDALGO,67,TIANGUISTENGO,PVEM_PT_ESH,1,7912,2,274,8188,10647,Sí
2019,13,HIDALGO,67,TIANGUISTENGO,PVEM_MORENA,1,7912,2,274,8188,10647,Sí
2019,13,HIDALGO,67,TIANGUISTENGO,PT_MORENA_ESH,3,7912,2,274,8188,10647,Sí
2019,13,HIDALGO,67,TIANGUISTENGO,PT_MORENA,2,7912,2,274,8188,10647,Sí
2019,13,HIDALGO,67,TIANGUISTENGO,MORENA_ESH,5,7912,2,274,8188,10647,Sí
2019,13,HIDALGO,68,TIZAYUCA,PAN,1104,35301,73,886,36260,104057,No
2019,13,HIDALGO,68,TIZAYUCA,PRI,8586,35301,73,886,36260,104057,No
2019,13,HIDALGO,68,TIZAYUCA,PRD,324,35301,73,886,36260,104057,No
2019,13,HIDALGO,68,TIZAYUCA,PVEM,209,35301,73,886,36260,104057,No
2019,13,HIDALGO,68,TIZAYUCA,PT,3564,35301,73,886,36260,104057,No
2019,13,HIDALGO,68,TIZAYUCA,MC,1509,35301,73,886,36260,104057,No
2019,13,HIDALGO,68,TIZAYUCA,MORENA,10469,35301,73,886,36260,104057,No
2019,13,HIDALGO,68,TIZAYUCA,PODEMOS,442,35301,73,886,36260,104057,No
2019,13,HIDALGO,68,TIZAYUCA,MAS_X_HIDALGO,5281,35301,73,886,36260,104057,Sí
2019,13,HIDALGO,68,TIZAYUCA,NUAL,1623,35301,73,886,36260,104057,No
2019,13,HIDALGO,68,TIZAYUCA,ESH,2156,35301,73,886,36260,104057,No
2019,13,HIDALGO,68,TIZAYUCA,PAN_PRD,34,35301,73,886,36260,104057,Sí
2019,13,HIDALGO,69,TLAHUELILPAN,PAN,1431,6896,65,170,7131,13161,No
2019,13,HIDALGO,69,TLAHUELILPAN,PRI,928,6896,65,170,7131,13161,No
2019,13,HIDALGO,69,TLAHUELILPAN,PRD,150,6896,65,170,7131,13161,No
2019,13,HIDALGO,69,TLAHUELILPAN,PVEM,13,6896,65,170,7131,13161,No
2019,13,HIDALGO,69,TLAHUELILPAN,PT,88,6896,65,170,7131,13161,No
2019,13,HIDALGO,69,TLAHUELILPAN,MC,1577,6896,65,170,7131,13161,No
2019,13,HIDALGO,69,TLAHUELILPAN,MORENA,218,6896,65,170,7131,13161,No
2019,13,HIDALGO,69,TLAHUELILPAN,PODEMOS,379,6896,65,170,7131,13161,No
2019,13,HIDALGO,69,TLAHUELILPAN,MAS_X_HIDALGO,1180,6896,65,170,7131,13161,Sí
2019,13,HIDALGO,69,TLAHUELILPAN,NUAL,875,6896,65,170,7131,13161,No
2019,13,HIDALGO,69,TLAHUELILPAN,ESH,19,6896,65,170,7131,13161,No
2019,13,HIDALGO,69,TLAHUELILPAN,PVEM_PT_MORENA_ESH,27,6896,65,170,7131,13161,Sí
2019,13,HIDALGO,69,TLAHUELILPAN,PVEM_PT_MORENA,2,6896,65,170,7131,13161,Sí
2019,13,HIDALGO,69,TLAHUELILPAN,PVEM_PT,1,6896,65,170,7131,13161,Sí
2019,13,HIDALGO,69,TLAHUELILPAN,PVEM_MORENA_ESH,2,6896,65,170,7131,13161,Sí
2019,13,HIDALGO,69,TLAHUELILPAN,PT_MORENA,6,6896,65,170,7131,13161,Sí
2019,13,HIDALGO,71,TLANALAPA,PAN,75,6199,7,94,6300,8615,No
2019,13,HIDALGO,71,TLANALAPA,PRI,1020,6199,7,94,6300,8615,No
2019,13,HIDALGO,71,TLANALAPA,PRD,933,6199,7,94,6300,8615,No
2019,13,HIDALGO,71,TLANALAPA,PVEM,9,6199,7,94,6300,8615,No
2019,13,HIDALGO,71,TLANALAPA,PT,65,6199,7,94,6300,8615,No
2019,13,HIDALGO,71,TLANALAPA,MC,1188,6199,7,94,6300,8615,No
2019,13,HIDALGO,71,TLANALAPA,MORENA,790,6199,7,94,6300,8615,No
2019,13,HIDALGO,71,TLANALAPA,PODEMOS,623,6199,7,94,6300,8615,No
2019,13,HIDALGO,71,TLANALAPA,MAS_X_HIDALGO,637,6199,7,94,6300,8615,Sí
2019,13,HIDALGO,71,TLANALAPA,NUAL,513,6199,7,94,6300,8615,No
2019,13,HIDALGO,71,TLANALAPA,ESH,159,6199,7,94,6300,8615,No
2019,13,HIDALGO,71,TLANALAPA,Candidatura Independiente,187,6199,7,94,6300,8615,No
2019,13,HIDALGO,72,TLANCHINOL,PAN,6047,17783,5,779,18567,25080,No
2019,13,HIDALGO,72,TLANCHINOL,PRI,5210,17783,5,779,18567,25080,No
2019,13,HIDALGO,72,TLANCHINOL,PRD,971,17783,5,779,18567,25080,No
2019,13,HIDALGO,72,TLANCHINOL,PVEM,764,17783,5,779,18567,25080,No
2019,13,HIDALGO,72,TLANCHINOL,PT,242,17783,5,779,18567,25080,No
2019,13,HIDALGO,72,TLANCHINOL,MORENA,2609,17783,5,779,18567,25080,No
2019,13,HIDALGO,72,TLANCHINOL,PODEMOS,875,17783,5,779,18567,25080,No
2019,13,HIDALGO,72,TLANCHINOL,NUAL,816,17783,5,779,18567,25080,No
2019,13,HIDALGO,72,TLANCHINOL,ESH,249,17783,5,779,18567,25080,No
2019,13,HIDALGO,73,TLAXCOAPAN,PAN,911,12049,6,289,12344,21491,No
2019,13,HIDALGO,73,TLAXCOAPAN,PRI,970,12049,6,289,12344,21491,No
2019,13,HIDALGO,73,TLAXCOAPAN,PRD,362,12049,6,289,12344,21491,No
2019,13,HIDALGO,73,TLAXCOAPAN,PVEM,1675,12049,6,289,12344,21491,No
2019,13,HIDALGO,73,TLAXCOAPAN,PT,953,12049,6,289,12344,21491,No
2019,13,HIDALGO,73,TLAXCOAPAN,MC,818,12049,6,289,12344,21491,No
2019,13,HIDALGO,73,TLAXCOAPAN,MORENA,904,12049,6,289,12344,21491,No
2019,13,HIDALGO,73,TLAXCOAPAN,PODEMOS,1588,12049,6,289,12344,21491,No
2019,13,HIDALGO,73,TLAXCOAPAN,MAS_X_HIDALGO,1194,12049,6,289,12344,21491,Sí
2019,13,HIDALGO,73,TLAXCOAPAN,NUAL,1552,12049,6,289,12344,21491,No
2019,13,HIDALGO,73,TLAXCOAPAN,ESH,25,12049,6,289,12344,21491,No
2019,13,HIDALGO,73,TLAXCOAPAN,Candidatura Independiente,1097,12049,6,289,12344,21491,No
2019,13,HIDALGO,74,TOLCAYUCA,PAN,129,7525,1,111,7637,12270,No
2019,13,HIDALGO,74,TOLCAYUCA,PRI,2411,7525,1,111,7637,12270,No
2019,13,HIDALGO,74,TOLCAYUCA,PRD,94,7525,1,111,7637,12270,No
2019,13,HIDALGO,74,TOLCAYUCA,PVEM,100,7525,1,111,7637,12270,No
2019,13,HIDALGO,74,TOLCAYUCA,PT,259,7525,1,111,7637,12270,No
2019,13,HIDALGO,74,TOLCAYUCA,MC,651,7525,1,111,7637,12270,No
2019,13,HIDALGO,74,TOLCAYUCA,MORENA,600,7525,1,111,7637,12270,No
2019,13,HIDALGO,74,TOLCAYUCA,PODEMOS,273,7525,1,111,7637,12270,No
2019,13,HIDALGO,74,TOLCAYUCA,MAS_X_HIDALGO,569,7525,1,111,7637,12270,Sí
2019,13,HIDALGO,74,TOLCAYUCA,NUAL,704,7525,1,111,7637,12270,No
2019,13,HIDALGO,74,TOLCAYUCA,ESH,1686,7525,1,111,7637,12270,No
2019,13,HIDALGO,74,TOLCAYUCA,PAN_PRD,49,7525,1,111,7637,12270,Sí
2019,13,HIDALGO,75,TULA DE ALLENDE,PAN,3712,34549,25,871,35445,86320,No
2019,13,HIDALGO,75,TULA DE ALLENDE,PRI,7487,34549,25,871,35445,86320,No
2019,13,HIDALGO,75,TULA DE ALLENDE,PRD,5095,34549,25,871,35445,86320,No
2019,13,HIDALGO,75,TULA DE ALLENDE,PVEM,4777,34549,25,871,35445,86320,No
2019,13,HIDALGO,75,TULA DE ALLENDE,PT,1773,34549,25,871,35445,86320,No
2019,13,HIDALGO,75,TULA DE ALLENDE,MC,544,34549,25,871,35445,86320,No
2019,13,HIDALGO,75,TULA DE ALLENDE,MORENA,7998,34549,25,871,35445,86320,No
2019,13,HIDALGO,75,TULA DE ALLENDE,PODEMOS,581,34549,25,871,35445,86320,No
2019,13,HIDALGO,75,TULA DE ALLENDE,MAS_X_HIDALGO,212,34549,25,871,35445,86320,Sí
2019,13,HIDALGO,75,TULA DE ALLENDE,NUAL,810,34549,25,871,35445,86320,No
2019,13,HIDALGO,75,TULA DE ALLENDE,ESH,306,34549,25,871,35445,86320,No
2019,13,HIDALGO,75,TULA DE ALLENDE,PAN_PRD,1254,34549,25,871,35445,86320,Sí
2019,13,HIDALGO,76,TULANCINGO DE BRAVO,PAN,1293,46803,112,2273,49188,127681,No
2019,13,HIDALGO,76,TULANCINGO DE BRAVO,PRI,15500,46803,112,2273,49188,127681,No
2019,13,HIDALGO,76,TULANCINGO DE BRAVO,PRD,2929,46803,112,2273,49188,127681,No
2019,13,HIDALGO,76,TULANCINGO DE BRAVO,PVEM,475,46803,112,2273,49188,127681,No
2019,13,HIDALGO,76,TULANCINGO DE BRAVO,PT,727,46803,112,2273,49188,127681,No
2019,13,HIDALGO,76,TULANCINGO DE BRAVO,MC,316,46803,112,2273,49188,127681,No
2019,13,HIDALGO,76,TULANCINGO DE BRAVO,MORENA,13164,46803,112,2273,49188,127681,No
2019,13,HIDALGO,76,TULANCINGO DE BRAVO,PODEMOS,1817,46803,112,2273,49188,127681,No
2019,13,HIDALGO,76,TULANCINGO DE BRAVO,MAS_X_HIDALGO,1631,46803,112,2273,49188,127681,Sí
2019,13,HIDALGO,76,TULANCINGO DE BRAVO,NUAL,1757,46803,112,2273,49188,127681,No
2019,13,HIDALGO,76,TULANCINGO DE BRAVO,ESH,316,46803,112,2273,49188,127681,No
2019,13,HIDALGO,76,TULANCINGO DE BRAVO,PVEM_PT_MORENA_ESH,154,46803,112,2273,49188,127681,Sí
2019,13,HIDALGO,76,TULANCINGO DE BRAVO,PVEM_PT_MORENA,40,46803,112,2273,49188,127681,Sí
2019,13,HIDALGO,76,TULANCINGO DE BRAVO,PVEM_PT_ESH,9,46803,112,2273,49188,127681,Sí
2019,13,HIDALGO,76,TULANCINGO DE BRAVO,PVEM_PT,23,46803,112,2273,49188,127681,Sí
2019,13,HIDALGO,76,TULANCINGO DE BRAVO,PVEM_MORENA,71,46803,112,2273,49188,127681,Sí
2019,13,HIDALGO,76,TULANCINGO DE BRAVO,PVEM_ESH,14,46803,112,2273,49188,127681,Sí
2019,13,HIDALGO,76,TULANCINGO DE BRAVO,PVEM_MORENA_ESH,35,46803,112,2273,49188,127681,Sí
2019,13,HIDALGO,76,TULANCINGO DE BRAVO,PT_MORENA_ESH,41,46803,112,2273,49188,127681,Sí
2019,13,HIDALGO,76,TULANCINGO DE BRAVO,PT_MORENA,86,46803,112,2273,49188,127681,Sí
2019,13,HIDALGO,76,TULANCINGO DE BRAVO,PT_ESH,4,46803,112,2273,49188,127681,Sí
2019,13,HIDALGO,76,TULANCINGO DE BRAVO,MORENA_ESH,40,46803,112,2273,49188,127681,Sí
2019,13,HIDALGO,76,TULANCINGO DE BRAVO,Candidatura Independiente,6361,46803,112,2273,49188,127681,No
2019,13,HIDALGO,77,VILLA DE TEZONTEPEC,PAN,17,5428,2,127,5557,9180,No
2019,13,HIDALGO,77,VILLA DE TEZONTEPEC,PRI,1350,5428,2,127,5557,9180,No
2019,13,HIDALGO,77,VILLA DE TEZONTEPEC,PRD,194,5428,2,127,5557,9180,No
2019,13,HIDALGO,77,VILLA DE TEZONTEPEC,PVEM,117,5428,2,127,5557,9180,No
2019,13,HIDALGO,77,VILLA DE TEZONTEPEC,PT,323,5428,2,127,5557,9180,No
2019,13,HIDALGO,77,VILLA DE TEZONTEPEC,MC,1171,5428,2,127,5557,9180,No
2019,13,HIDALGO,77,VILLA DE TEZONTEPEC,MORENA,922,5428,2,127,5557,9180,No
2019,13,HIDALGO,77,VILLA DE TEZONTEPEC,PODEMOS,467,5428,2,127,5557,9180,No
2019,13,HIDALGO,77,VILLA DE TEZONTEPEC,MAS_X_HIDALGO,12,5428,2,127,5557,9180,Sí
2019,13,HIDALGO,77,VILLA DE TEZONTEPEC,NUAL,275,5428,2,127,5557,9180,No
2019,13,HIDALGO,77,VILLA DE TEZONTEPEC,ESH,50,5428,2,127,5557,9180,No
2019,13,HIDALGO,77,VILLA DE TEZONTEPEC,PAN_PRD,5,5428,2,127,5557,9180,Sí
2019,13,HIDALGO,77,VILLA DE TEZONTEPEC,Candidatura Independiente,525,5428,2,127,5557,9180,No
2019,13,HIDALGO,78,XOCHIATIPAN,PAN,3780,10324,1,259,10584,12763,No
2019,13,HIDALGO,78,XOCHIATIPAN,PRI,275,10324,1,259,10584,12763,No
2019,13,HIDALGO,78,XOCHIATIPAN,PRD,2298,10324,1,259,10584,12763,No
2019,13,HIDALGO,78,XOCHIATIPAN,PVEM,261,10324,1,259,10584,12763,No
2019,13,HIDALGO,78,XOCHIATIPAN,PT,415,10324,1,259,10584,12763,No
2019,13,HIDALGO,78,XOCHIATIPAN,MORENA,655,10324,1,259,10584,12763,No
2019,13,HIDALGO,78,XOCHIATIPAN,PODEMOS,116,10324,1,259,10584,12763,No
2019,13,HIDALGO,78,XOCHIATIPAN,MAS_X_HIDALGO,38,10324,1,259,10584,12763,Sí
2019,13,HIDALGO,78,XOCHIATIPAN,NUAL,941,10324,1,259,10584,12763,No
2019,13,HIDALGO,78,XOCHIATIPAN,ESH,93,10324,1,259,10584,12763,No
2019,13,HIDALGO,78,XOCHIATIPAN,Candidatura Independiente,1452,10324,1,259,10584,12763,No
2019,13,HIDALGO,80,YAHUALICA,PAN,285,13009,114,485,13608,17139,No
2019,13,HIDALGO,80,YAHUALICA,PRI,7146,13009,114,485,13608,17139,No
2019,13,HIDALGO,80,YAHUALICA,PRD,324,13009,114,485,13608,17139,No
2019,13,HIDALGO,80,YAHUALICA,PVEM,710,13009,114,485,13608,17139,No
2019,13,HIDALGO,80,YAHUALICA,PT,33,13009,114,485,13608,17139,No
2019,13,HIDALGO,80,YAHUALICA,MC,118,13009,114,485,13608,17139,No
2019,13,HIDALGO,80,YAHUALICA,PODEMOS,297,13009,114,485,13608,17139,No
2019,13,HIDALGO,80,YAHUALICA,MAS_X_HIDALGO,93,13009,114,485,13608,17139,Sí
2019,13,HIDALGO,80,YAHUALICA,NUAL,828,13009,114,485,13608,17139,No
2019,13,HIDALGO,80,YAHUALICA,ESH,3175,13009,114,485,13608,17139,No
2019,13,HIDALGO,81,ZACUALTIPAN DE ANGELES,PAN,1092,15122,11,305,15438,27013,No
2019,13,HIDALGO,81,ZACUALTIPAN DE ANGELES,PRI,5352,15122,11,305,15438,27013,No
2019,13,HIDALGO,81,ZACUALTIPAN DE ANGELES,PRD,1773,15122,11,305,15438,27013,No
2019,13,HIDALGO,81,ZACUALTIPAN DE ANGELES,PVEM,96,15122,11,305,15438,27013,No
2019,13,HIDALGO,81,ZACUALTIPAN DE ANGELES,MC,387,15122,11,305,15438,27013,No
2019,13,HIDALGO,81,ZACUALTIPAN DE ANGELES,MORENA,707,15122,11,305,15438,27013,No
2019,13,HIDALGO,81,ZACUALTIPAN DE ANGELES,PODEMOS,1212,15122,11,305,15438,27013,No
2019,13,HIDALGO,81,ZACUALTIPAN DE ANGELES,MAS_X_HIDALGO,591,15122,11,305,15438,27013,Sí
2019,13,HIDALGO,81,ZACUALTIPAN DE ANGELES,NUAL,931,15122,11,305,15438,27013,No
2019,13,HIDALGO,81,ZACUALTIPAN DE ANGELES,ESH,784,15122,11,305,15438,27013,No
2019,13,HIDALGO,81,ZACUALTIPAN DE ANGELES,Candidatura Independiente,2197,15122,11,305,15438,27013,No
2019,13,HIDALGO,82,ZAPOTLAN DE JUAREZ,PAN,1726,9292,4,142,9438,15466,No
2019,13,HIDALGO,82,ZAPOTLAN DE JUAREZ,PRI,1349,9292,4,142,9438,15466,No
2019,13,HIDALGO,82,ZAPOTLAN DE JUAREZ,PRD,1033,9292,4,142,9438,15466,No
2019,13,HIDALGO,82,ZAPOTLAN DE JUAREZ,PVEM,12,9292,4,142,9438,15466,No
2019,13,HIDALGO,82,ZAPOTLAN DE JUAREZ,PT,41,9292,4,142,9438,15466,No
2019,13,HIDALGO,82,ZAPOTLAN DE JUAREZ,MC,2507,9292,4,142,9438,15466,No
2019,13,HIDALGO,82,ZAPOTLAN DE JUAREZ,MORENA,434,9292,4,142,9438,15466,No
2019,13,HIDALGO,82,ZAPOTLAN DE JUAREZ,PODEMOS,1044,9292,4,142,9438,15466,No
2019,13,HIDALGO,82,ZAPOTLAN DE JUAREZ,MAS_X_HIDALGO,187,9292,4,142,9438,15466,Sí
2019,13,HIDALGO,82,ZAPOTLAN DE JUAREZ,NUAL,859,9292,4,142,9438,15466,No
2019,13,HIDALGO,82,ZAPOTLAN DE JUAREZ,ESH,21,9292,4,142,9438,15466,No
2019,13,HIDALGO,82,ZAPOTLAN DE JUAREZ,PVEM_PT_MORENA_ESH,69,9292,4,142,9438,15466,Sí
2019,13,HIDALGO,82,ZAPOTLAN DE JUAREZ,PVEM_PT_MORENA,1,9292,4,142,9438,15466,Sí
2019,13,HIDALGO,82,ZAPOTLAN DE JUAREZ,PVEM_MORENA,1,9292,4,142,9438,15466,Sí
2019,13,HIDALGO,82,ZAPOTLAN DE JUAREZ,PVEM_MORENA_ESH,1,9292,4,142,9438,15466,Sí
2019,13,HIDALGO,82,ZAPOTLAN DE JUAREZ,PT_MORENA_ESH,2,9292,4,142,9438,15466,Sí
2019,13,HIDALGO,82,ZAPOTLAN DE JUAREZ,PT_MORENA,2,9292,4,142,9438,15466,Sí
2019,13,HIDALGO,82,ZAPOTLAN DE JUAREZ,PT_ESH,1,9292,4,142,9438,15466,Sí
2019,13,HIDALGO,82,ZAPOTLAN DE JUAREZ,MORENA_ESH,2,9292,4,142,9438,15466,Sí
2019,13,HIDALGO,83,ZEMPOALA,PAN,233,18872,4,379,19255,35486,No
2019,13,HIDALGO,83,ZEMPOALA,PRI,7713,18872,4,379,19255,35486,No
2019,13,HIDALGO,83,ZEMPOALA,PRD,63,18872,4,379,19255,35486,No
2019,13,HIDALGO,83,ZEMPOALA,PVEM,90,18872,4,379,19255,35486,No
2019,13,HIDALGO,83,ZEMPOALA,PT,215,18872,4,379,19255,35486,No
2019,13,HIDALGO,83,ZEMPOALA,MC,258,18872,4,379,19255,35486,No
2019,13,HIDALGO,83,ZEMPOALA,MORENA,3996,18872,4,379,19255,35486,No
2019,13,HIDALGO,83,ZEMPOALA,PODEMOS,1873,18872,4,379,19255,35486,No
2019,13,HIDALGO,83,ZEMPOALA,MAS_X_HIDALGO,125,18872,4,379,19255,35486,Sí
2019,13,HIDALGO,83,ZEMPOALA,NUAL,1907,18872,4,379,19255,35486,No
2019,13,HIDALGO,83,ZEMPOALA,ESH,315,18872,4,379,19255,35486,No
2019,13,HIDALGO,83,ZEMPOALA,Candidatura Independiente,2084,18872,4,379,19255,35486,No
2019,13,HIDALGO,84,ZIMAPAN,PAN,3852,14627,2,467,15096,30741,No
2019,13,HIDALGO,84,ZIMAPAN,PRI,3449,14627,2,467,15096,30741,No
2019,13,HIDALGO,84,ZIMAPAN,PRD,209,14627,2,467,15096,30741,No
2019,13,HIDALGO,84,ZIMAPAN,PVEM,84,14627,2,467,15096,30741,No
2019,13,HIDALGO,84,ZIMAPAN,PT,294,14627,2,467,15096,30741,No
2019,13,HIDALGO,84,ZIMAPAN,MC,442,14627,2,467,15096,30741,No
2019,13,HIDALGO,84,ZIMAPAN,MORENA,3239,14627,2,467,15096,30741,No
2019,13,HIDALGO,84,ZIMAPAN,PODEMOS,642,14627,2,467,15096,30741,No
2019,13,HIDALGO,84,ZIMAPAN,NUAL,1883,14627,2,467,15096,30741,No
2019,13,HIDALGO,84,ZIMAPAN,ESH,291,14627,2,467,15096,30741,No
2019,13,HIDALGO,84,ZIMAPAN,PAN_PRD,117,14627,2,467,15096,30741,Sí
2019,13,HIDALGO,84,ZIMAPAN,PVEM_PT_MORENA_ESH,27,14627,2,467,15096,30741,Sí
2019,13,HIDALGO,84,ZIMAPAN,PVEM_PT_MORENA,4,14627,2,467,15096,30741,Sí
2019,13,HIDALGO,84,ZIMAPAN,PVEM_PT_ESH,2,14627,2,467,15096,30741,Sí
2019,13,HIDALGO,84,ZIMAPAN,PVEM_PT,1,14627,2,467,15096,30741,Sí
2019,13,HIDALGO,84,ZIMAPAN,PVEM_MORENA,12,14627,2,467,15096,30741,Sí
2019,13,HIDALGO,84,ZIMAPAN,PVEM_MORENA_ESH,3,14627,2,467,15096,30741,Sí
2019,13,HIDALGO,84,ZIMAPAN,PT_MORENA_ESH,6,14627,2,467,15096,30741,Sí
2019,13,HIDALGO,84,ZIMAPAN,PT_MORENA,50,14627,2,467,15096,30741,Sí
2019,13,HIDALGO,84,ZIMAPAN,PT_ESH,1,14627,2,467,15096,30741,Sí
2019,13,HIDALGO,84,ZIMAPAN,MORENA_ESH,19,14627,2,467,15096,30741,Sí
