ID_ESTADO,NOMBRE_ESTADO,ID_MUNICIPIO,MUNICIPIO,SECCIONES,CASILLAS,PAN,PRI,PRD,PVEM,PT,MC,MORENA,PES,RSP,FXM,NAEM,PAN_PRI_PRD,PAN_PRI,PAN_PRD,PRI_PRD,PT_MORENA_NAEM,PT_MORENA,PT_NAEM,MORENA_NAEM,PT_MORENA_NAEM_CC,CAND_IND1,CAND_IND2,CAND_IND3,CAND_IND4,CAND_IND5,CAND_IND6,CAND_IND7,CAND_IND8,CAND_IND9,CAND_IND10,CAND_IND11,CAND_IND12,CAND_IND13,CAND_IND14,CAND_IND15,NUM_VOTOS_VALIDOS,NUM_VOTOS_CAN_NREG,NUM_VOTOS_NULOS,TOTAL_VOTOS,LISTA_NOMINAL,RUTA_ACTA
15,MEXICO,1,ACAMBAY DE RUIZ CASTAÑEDA,32,92,8750,9866,118,916,187,182,4944,3540,,1324,320,,,,,22,26,3,12,,,,,,,,,,,,,,,,,30210,2,748,30960,48380,http://www.ieem.org.mx/proceso2021/actasmun/ACM2021_M001.pdf
15,MEXICO,2,ACOLMAN,33,134,12723,13516,390,2045,557,560,16929,639,1232,586,335,,,,,66,84,5,26,,,,,,,,,,,,,,,,,49693,28,915,50636,87279,http://www.ieem.org.mx/proceso2021/actasmun/ACM2021_M002.pdf
15,MEXICO,3,ACULCO,24,64,551,8279,185,5204,,433,,318,3195,274,,151,35,7,11,,,,,3306,,,,,,,,,,,,,,,,21949,55,604,22608,34643,http://www.ieem.org.mx/proceso2021/actasmun/ACM2021_M003.pdf
15,MEXICO,4,ALMOLOYA DE ALQUISIRAS,12,23,177,6157,55,159,,141,,,57,47,,117,15,1,6,,,,,1067,,,,,,,,,,,,,,,,7999,141,352,8492,12193,http://www.ieem.org.mx/proceso2021/actasmun/ACM2021_M004.pdf
15,MEXICO,5,ALMOLOYA DE JUAREZ,56,193,5053,24217,2137,14098,2655,800,13855,1136,974,992,699,,,,,445,149,41,79,,,,,,,,,,,,,,,,,67330,228,1903,69461,119160,http://www.ieem.org.mx/proceso2021/actasmun/ACM2021_M005.pdf
15,MEXICO,6,ALMOLOYA DEL RIO,5,14,59,874,378,1539,,298,,222,168,492,,27,4,2,7,,,,,1082,,,,,,,,,,,,,,,,5152,769,174,6095,8866,http://www.ieem.org.mx/proceso2021/actasmun/ACM2021_M006.pdf
15,MEXICO,7,AMANALCO,10,33,298,2409,255,594,219,3411,2678,1838,301,906,104,111,10,6,14,22,22,8,9,,,,,,,,,,,,,,,,,13215,0,446,13661,18836,http://www.ieem.org.mx/proceso2021/actasmun/ACM2021_M007.pdf
15,MEXICO,8,AMATEPEC,27,46,197,7477,1803,144,,,,,,,,78,8,12,47,,,,,3415,,,,,,,,,,,,,,,,13181,8,457,13646,20568,http://www.ieem.org.mx/proceso2021/actasmun/ACM2021_M008.pdf
15,MEXICO,9,AMECAMECA,26,73,3465,7996,484,3602,228,2549,5856,1223,759,699,113,,,,,15,16,1,3,,,,,,,,,,,,,,,,,27009,68,597,27674,43027,http://www.ieem.org.mx/proceso2021/actasmun/ACM2021_M009.pdf
15,MEXICO,10,APAXCO,14,38,1949,2238,268,2299,,88,,61,584,6429,,,,,,,,,,472,,,,,,,,,,,,,,,,14388,4,346,14738,22555,http://www.ieem.org.mx/proceso2021/actasmun/ACM2021_M010.pdf
15,MEXICO,11,ATENCO,14,71,589,6129,2319,589,213,1660,7493,223,85,1276,292,,,,,29,16,1,20,,4005,,,,,,,,,,,,,,,24939,12,492,25443,47691,http://www.ieem.org.mx/proceso2021/actasmun/ACM2021_M011.pdf
15,MEXICO,12,ATIZAPAN,4,14,871,1940,349,66,101,24,750,539,709,150,25,,,,,6,4,0,2,,,,,,,,,,,,,,,,,5536,3,228,5767,8944,http://www.ieem.org.mx/proceso2021/actasmun/ACM2021_M012.pdf
15,MEXICO,13,ATIZAPAN DE ZARAGOZA,168,635,81315,29335,2776,7387,2579,5678,66735,2616,1640,3783,2290,2326,650,93,32,524,453,42,114,,,,,,,,,,,,,,,,,210368,232,4468,215068,411231,http://www.ieem.org.mx/proceso2021/actasmun/ACM2021_M013.pdf
15,MEXICO,14,ATLACOMULCO,39,128,1465,13513,215,3728,1544,1804,11315,739,513,7445,483,308,66,11,13,108,122,15,29,,,2064,,,,,,,,,,,,,,45500,21,956,46477,79186,http://www.ieem.org.mx/proceso2021/actasmun/ACM2021_M014.pdf
15,MEXICO,15,ATLAUTLA,13,38,75,2805,3954,123,144,536,1337,392,3110,146,,,71,,,0,44,0,0,,,,,,,,,,,,,,,,,12737,15,214,12966,22341,http://www.ieem.org.mx/proceso2022/actamun/ACM2022_M015.pdf
15,MEXICO,16,AXAPUSCO,20,35,2968,5357,485,197,1631,760,1250,66,183,854,126,,,,,,,,,,,,,,,,,,,,,,,,,13877,4,303,14184,19039,http://www.ieem.org.mx/proceso2021/actasmun/ACM2021_M016.pdf
15,MEXICO,17,AYAPANGO,5,11,127,786,1975,319,64,88,1144,,17,25,13,,,,,4,2,0,0,,,,,,,,,,,,,,,,,4564,1,95,4660,6197,http://www.ieem.org.mx/proceso2021/actasmun/ACM2021_M017.pdf
15,MEXICO,18,CALIMAYA,16,65,7730,3236,335,1535,1415,341,7032,172,421,259,389,313,109,20,6,87,68,9,17,,,,,1880,,,,,,,,,,,,25374,12,613,25999,41658,http://www.ieem.org.mx/proceso2021/actasmun/ACM2021_M018.pdf
15,MEXICO,19,CAPULHUAC,12,42,1527,3713,2543,466,,70,,204,394,1572,,,,,,,,,,2372,,,,,,,,,,,,,,,,12861,14,278,13153,26898,http://www.ieem.org.mx/proceso2021/actasmun/ACM2021_M019.pdf
15,MEXICO,20,COACALCO DE BERRIOZABAL,106,354,10261,28451,4533,9749,1256,6461,41077,2463,5738,3649,1021,922,158,30,116,159,280,13,63,,,,,,,,,,,,,,,,,116400,211,2695,119306,227735,http://www.ieem.org.mx/proceso2021/actasmun/ACM2021_M020.pdf
15,MEXICO,21,COATEPEC HARINAS,19,52,829,7563,171,138,4193,124,1477,,902,450,125,187,62,3,10,52,119,17,9,,,,,,,,,,,,,,,,,16431,10,546,16987,28298,http://www.ieem.org.mx/proceso2021/actasmun/ACM2021_M021.pdf
15,MEXICO,22,COCOTITLAN,6,19,210,668,268,480,,2699,,295,925,1264,,31,3,1,5,,,,,1354,,,,,,,,,,,,,,,,8203,1,173,8377,11946,http://www.ieem.org.mx/proceso2021/actasmun/ACM2021_M022.pdf
15,MEXICO,23,COYOTEPEC,12,58,2754,2066,177,581,537,1982,5196,983,3089,682,207,146,27,5,3,40,34,2,14,,,,,,,,,,,,,,,,,18525,507,515,19547,38670,http://www.ieem.org.mx/proceso2021/actasmun/ACM2021_M023.pdf
15,MEXICO,24,CUAUTITLAN,34,151,5240,12857,554,3345,671,1023,14543,2667,480,559,777,344,65,11,12,152,74,15,42,,,,,,7348,1326,,,,,,,,,,52105,35,1056,53196,98801,http://www.ieem.org.mx/proceso2021/actasmun/ACM2021_M024.pdf
15,MEXICO,25,CUAUTITLAN IZCALLI,259,687,63682,37922,2422,12157,2702,10422,79587,3140,2706,3899,2489,3261,804,66,35,384,377,43,70,,,,,,,,,,,,,,,,,226168,231,5128,231527,418650,http://www.ieem.org.mx/proceso2021/actasmun/ACM2021_M025.pdf
15,MEXICO,26,CHALCO,71,381,5297,30329,3383,7322,2025,3751,55788,1252,1241,1360,1514,760,115,27,122,189,249,22,80,,,,,,,,,,,,,,,,,114826,74,3249,118149,260731,http://www.ieem.org.mx/proceso2021/actasmun/ACM2021_M026.pdf
15,MEXICO,27,CHAPA DE MOTA,14,41,5272,2832,69,1224,,445,,92,1217,74,,82,65,10,1,,,,,4356,,,,,,,,,,,,,,,,15739,7,387,16133,22275,http://www.ieem.org.mx/proceso2021/actasmun/ACM2021_M027.pdf
15,MEXICO,28,CHAPULTEPEC,2,12,229,1592,53,1441,,165,,17,,123,,31,2,0,2,,,,,1581,,,,,,,,,,,,,,,,5236,2,87,5325,8461,http://www.ieem.org.mx/proceso2021/actasmun/ACM2021_M028.pdf
15,MEXICO,29,CHIAUTLA,12,37,665,4033,57,246,2199,125,3943,134,,1122,140,,,,,,,,,,,,,,,,,,,,,,,,,12664,1456,285,14405,22357,http://www.ieem.org.mx/proceso2021/actasmun/ACM2021_M029.pdf
15,MEXICO,30,CHICOLOAPAN,70,223,1923,25157,2555,2544,942,1053,27556,1576,691,3748,810,,,,,129,133,9,35,,,,,,,,,,,,,,,,,68861,71,1897,70829,137954,http://www.ieem.org.mx/proceso2021/actasmun/ACM2021_M030.pdf
15,MEXICO,31,CHICONCUAC,8,32,929,1286,1215,83,91,185,3306,2293,2244,401,72,,,,,14,14,1,9,,,,,,,,,,,,,,,,,12143,2,182,12327,20711,http://www.ieem.org.mx/proceso2021/actasmun/ACM2021_M031.pdf
15,MEXICO,32,CHIMALHUACAN,162,721,4258,86052,2458,2929,2445,2991,97243,1936,1067,1962,2932,,,,,397,565,50,192,,,,,,,,,,,,,,,,,207472,313,5164,212949,481294,http://www.ieem.org.mx/proceso2021/actasmun/ACM2021_M032.pdf
15,MEXICO,33,DONATO GUERRA,16,41,215,7003,2754,1132,797,78,3526,101,111,58,367,299,21,6,89,76,48,18,13,,,,,,,,,,,,,,,,,16712,3,757,17472,25463,http://www.ieem.org.mx/proceso2021/actasmun/ACM2021_M033.pdf
15,MEXICO,34,ECATEPEC DE MORELOS,745,2084,44808,171928,26269,15296,8606,15607,265066,7515,5538,9681,10426,,,,,899,952,64,273,,,,,,,,,,,,,,,,,582928,1132,17084,601144,1265220,http://www.ieem.org.mx/proceso2021/actasmun/ACM2021_M034.pdf
15,MEXICO,35,ECATZINGO,4,13,751,2082,201,1227,,215,,17,313,358,,,,,,,,,,478,,,,,,,,,,,,,,,,5642,0,92,5734,7391,http://www.ieem.org.mx/proceso2021/actasmun/ACM2021_M035.pdf
15,MEXICO,36,HUEHUETOCA,64,171,10299,3310,411,11100,379,525,9324,585,299,8122,793,258,114,55,13,85,97,5,36,,,,,,,,,,,,,,,,,45810,269,1033,47112,103945,http://www.ieem.org.mx/proceso2021/actasmun/ACM2021_M036.pdf
15,MEXICO,37,HUEYPOXTLA,16,50,356,6375,1732,2139,143,98,1895,82,,5362,2124,,,,,38,8,11,28,,,,,,,,,,,,,,,,,20391,6,599,20996,32256,http://www.ieem.org.mx/proceso2021/actasmun/ACM2021_M037.pdf
15,MEXICO,38,HUIXQUILUCAN,76,313,69648,24310,2171,1652,1706,1454,24163,652,627,1219,860,,,,,209,354,32,145,,,,,,,,,,,,,,,,,129202,68,2432,131702,202852,http://www.ieem.org.mx/proceso2021/actasmun/ACM2021_M038.pdf
15,MEXICO,39,ISIDRO FABELA,5,13,792,1469,429,1115,16,1101,179,272,393,28,165,,,,,0,2,0,4,,,,,,,,,,,,,,,,,5965,2,119,6086,8386,http://www.ieem.org.mx/proceso2021/actasmun/ACM2021_M039.pdf
15,MEXICO,40,IXTAPALUCA,226,600,6795,65120,2441,3814,1848,5107,72223,1638,1266,7598,1912,,,,,190,312,11,139,,,,,,,,,,,,,,,,,170414,159,4707,175280,364119,http://www.ieem.org.mx/proceso2021/actasmun/ACM2021_M040.pdf
15,MEXICO,41,IXTAPAN DE LA SAL,19,48,1694,3160,243,2583,241,1317,5053,306,904,443,246,186,40,14,9,34,23,3,14,,,,,,,,,,,,,,,,,16513,9,468,16990,28128,http://www.ieem.org.mx/proceso2021/actasmun/ACM2021_M041.pdf
15,MEXICO,42,IXTAPAN DEL ORO,5,9,454,1600,63,14,,,,,42,9,,45,7,3,5,,,,,2234,,,,,,,,,,,,,,,,4476,6,107,4589,5266,http://www.ieem.org.mx/proceso2021/actasmun/ACM2021_M042.pdf
15,MEXICO,43,IXTLAHUACA,50,177,917,26526,327,3190,1231,8577,22100,556,1228,1213,474,721,104,3,12,114,134,27,34,,,,,,,,2082,,,,,,,,,69570,16,1648,71234,113943,http://www.ieem.org.mx/proceso2021/actasmun/ACM2021_M043.pdf
15,MEXICO,44,XALATLACO,7,31,1502,1791,26,1121,1155,192,1799,,1367,935,960,,,,,,,,,,,,,,,,,,,,,,,,,10848,4,247,11099,19077,http://www.ieem.org.mx/proceso2021/actasmun/ACM2021_M044.pdf
15,MEXICO,45,JALTENCO,14,35,1159,1550,92,429,824,428,3781,330,2062,452,682,77,16,2,0,,,,,,,,,,,,,,,,,,,,,11884,9,299,12192,20262,http://www.ieem.org.mx/proceso2021/actasmun/ACM2021_M045.pdf
15,MEXICO,46,JILOTEPEC,44,121,1041,15112,298,9435,670,486,13620,542,1158,1051,646,282,44,8,14,116,53,22,86,,,,,,,,,,,,,,,,,44684,16,872,45572,69452,http://www.ieem.org.mx/proceso2021/actasmun/ACM2021_M046.pdf
15,MEXICO,47,JILOTZINGO,10,26,3895,3951,346,309,,105,,942,,275,,,,,,,,,,761,,,,,,,,,,,,,,,,10584,2,246,10832,15761,http://www.ieem.org.mx/proceso2021/actasmun/ACM2021_M047.pdf
15,MEXICO,48,JIQUIPILCO,30,92,400,12578,264,502,1155,8129,2829,7260,987,299,178,237,41,4,13,42,58,18,6,,,,,,,,,,,,,,,,,35000,15,939,35954,54702,http://www.ieem.org.mx/proceso2021/actasmun/ACM2021_M048.pdf
15,MEXICO,49,JOCOTITLAN,29,88,7390,13819,134,753,262,332,8700,1208,477,318,183,,,,,34,24,10,16,,,,,,,,,,,,,,,,,33660,13,725,34398,50327,http://www.ieem.org.mx/proceso2021/actasmun/ACM2021_M049.pdf
15,MEXICO,50,JOQUICINGO,5,17,47,1731,80,2451,,1921,,,,194,,22,1,0,2,,,,,1012,,,,,,,,,,,,,,,,7461,1,154,7616,10504,http://www.ieem.org.mx/proceso2021/actasmun/ACM2021_M050.pdf
15,MEXICO,51,JUCHITEPEC,8,31,1783,3073,804,2720,75,2207,1164,,136,45,51,,,,,5,2,0,1,,,,,,,,,,,,,,,,,12066,8,297,12371,18457,http://www.ieem.org.mx/proceso2021/actasmun/ACM2021_M051.pdf
15,MEXICO,52,LERMA,49,177,11828,30288,492,1175,2800,687,17122,560,730,583,506,,,,,75,107,9,25,,,,,,,,,,,,,,,,,66987,31,1444,68462,113543,http://www.ieem.org.mx/proceso2021/actasmun/ACM2021_M052.pdf
15,MEXICO,53,MALINALCO,16,37,249,1322,1705,5239,141,,1479,1509,937,246,106,75,7,8,25,10,13,1,2,,,,,,,,,,,,,,,,,13074,438,507,14019,20223,http://www.ieem.org.mx/proceso2021/actasmun/ACM2021_M053.pdf
15,MEXICO,54,MELCHOR OCAMPO,16,64,3983,1225,127,3072,173,4388,5486,2146,589,2801,99,82,17,4,2,29,23,1,2,,,,,,,,,,,,,,,,,24249,16,408,24673,42087,http://www.ieem.org.mx/proceso2021/actasmun/ACM2021_M054.pdf
15,MEXICO,55,METEPEC,86,287,29145,34945,1537,2584,3505,6770,24647,1569,3528,1684,641,1931,423,42,54,245,271,30,43,,,,,,,,,3267,,,,,,,,116861,186,2419,119466,187414,http://www.ieem.org.mx/proceso2021/actasmun/ACM2021_M055.pdf
15,MEXICO,56,MEXICALTZINGO,4,15,225,1112,91,277,,448,,888,1072,376,,33,3,0,1,,,,,1030,,,,,,,,,,,,,,,,5556,114,127,5797,9703,http://www.ieem.org.mx/proceso2021/actasmun/ACM2021_M056.pdf
15,MEXICO,57,MORELOS,18,41,827,5629,67,1118,114,6426,970,291,145,280,121,124,55,3,6,23,7,5,4,,,,,,,,,,,,,,,,,16215,4,486,16705,23724,http://www.ieem.org.mx/proceso2021/actasmun/ACM2021_M057.pdf
15,MEXICO,58,NAUCALPAN DE JUAREZ,453,1176,108447,61904,4181,7207,5427,19603,108200,8259,3898,6283,2934,2369,803,122,85,681,652,52,111,,,,,,,,,,,,,,,,,341218,305,8987,350510,698549,http://www.ieem.org.mx/proceso2021/actasmun/ACM2021_M058.pdf
15,MEXICO,59,NEXTLALPAN,10,47,774,3682,222,227,350,1805,8023,1080,106,672,839,293,33,5,7,,,,,,,,,,,,,,,,,,,,,18118,7,484,18609,31281,http://www.ieem.org.mx/proceso2021/actasmun/ACM2021_M059.pdf
15,MEXICO,60,NEZAHUALCOYOTL,680,1513,18124,55595,24106,6169,5425,148678,165199,5191,2071,4234,4558,1507,202,86,197,337,1001,50,138,,,,,,,,,,,,,,,,,442868,364,10839,454071,871179,http://www.ieem.org.mx/proceso2021/actasmun/ACM2021_M060.pdf
15,MEXICO,61,NICOLAS ROMERO,101,446,24475,46279,1736,3773,1764,4538,54808,2743,5581,2954,2028,,,,,137,215,12,86,,,,,,,,,,,,,,,,,151129,137,3865,155131,297556,http://www.ieem.org.mx/proceso2021/actasmun/ACM2021_M061.pdf
15,MEXICO,62,NOPALTEPEC,5,14,2606,1138,383,11,,12,,15,1548,11,,,,,,,,,,328,,,,,,,,,,,,,,,,6052,0,134,6186,8017,http://www.ieem.org.mx/proceso2021/actasmun/ACM2021_M062.pdf
15,MEXICO,63,OCOYOACAC,22,82,2969,7248,1304,8139,235,884,5090,2022,374,2285,140,,,,,15,15,0,2,,,,,,,,,,,,,,,,,30722,24,726,31472,51261,http://www.ieem.org.mx/proceso2021/actasmun/ACM2021_M063.pdf
15,MEXICO,64,OCUILAN,13,42,147,1550,1430,1585,1339,541,3195,5481,69,38,114,122,9,9,20,40,44,7,9,,,,,,,,,,,,,,,,,15749,1,413,16163,22116,http://www.ieem.org.mx/proceso2021/actasmun/ACM2021_M064.pdf
15,MEXICO,65,EL ORO,17,54,3724,5347,75,1395,,3634,,78,125,760,,,,,,,,,,2121,,,,,,,,,,,,,,,,17259,7,463,17729,27153,http://www.ieem.org.mx/proceso2021/actasmun/ACM2021_M065.pdf
15,MEXICO,66,OTUMBA,18,47,3891,7435,1428,3182,62,48,1555,72,549,32,74,,,,,23,21,4,17,,,,,,,,,,,,,,,,,18393,39,327,18759,27994,http://www.ieem.org.mx/proceso2021/actasmun/ACM2021_M066.pdf
15,MEXICO,67,OTZOLOAPAN,4,11,59,316,1267,18,20,,148,,12,1082,11,17,2,5,10,0,1,0,0,,,,,,,,,,,,,,,,,2968,0,127,3095,4171,http://www.ieem.org.mx/proceso2021/actasmun/ACM2021_M067.pdf
15,MEXICO,68,OTZOLOTEPEC,26,93,6153,8066,2686,453,565,4391,8473,567,380,229,186,,,,,52,43,3,17,,,,,,,,,,1743,,,,,,,34007,11,678,34696,59686,http://www.ieem.org.mx/proceso2021/actasmun/ACM2021_M068.pdf
15,MEXICO,69,OZUMBA,13,36,205,3853,731,443,215,280,3984,2825,676,503,101,,,,,23,14,0,9,,,,,,,,,,,,,,,,,13862,9,242,14113,21236,http://www.ieem.org.mx/proceso2021/actasmun/ACM2021_M069.pdf
15,MEXICO,70,PAPALOTLA,2,6,64,910,6,289,34,,1553,156,,12,14,,,,,1,3,1,0,,,,,,,,,,,,,,,,,3043,2,34,3079,4024,http://www.ieem.org.mx/proceso2021/actasmun/ACM2021_M070.pdf
15,MEXICO,71,LA PAZ,83,319,3129,41542,2404,4110,1131,1651,22611,1481,1112,8162,814,920,145,31,112,45,191,20,24,,,,,,,,,,,7627,,,,,,97262,89,2832,100183,203926,http://www.ieem.org.mx/proceso2021/actasmun/ACM2021_M071.pdf
15,MEXICO,72,POLOTITLAN,10,22,169,3067,32,2425,,793,,,129,28,,172,15,1,6,,,,,732,,,,,,,,,,,,,,,,7569,159,184,7912,11855,http://www.ieem.org.mx/proceso2021/actasmun/ACM2021_M072.pdf
15,MEXICO,73,RAYON,4,15,120,2446,88,9,,1530,,732,106,13,,98,6,3,0,,,,,1834,,,,,,,,,,,,,,,,6985,53,111,7149,9440,http://www.ieem.org.mx/proceso2021/actasmun/ACM2021_M073.pdf
15,MEXICO,74,SAN ANTONIO LA ISLA,4,27,683,3390,136,330,,409,,2622,35,770,,132,20,0,1,,,,,2551,,,,,,,,,,,413,,,,,11492,6,154,11652,18745,http://www.ieem.org.mx/proceso2021/actasmun/ACM2021_M074.pdf
15,MEXICO,75,SAN FELIPE DEL PROGRESO,47,156,783,24031,511,794,657,18144,12604,355,536,211,709,549,146,10,37,64,45,19,57,,,,,,,,,,,,,,,,,60262,13,1872,62147,95039,http://www.ieem.org.mx/proceso2021/actasmun/ACM2021_M075.pdf
15,MEXICO,76,SAN MARTIN DE LAS PIRAMIDES,14,33,3668,4641,877,694,,67,,1570,943,61,,,,,,,,,,1867,,,,,,,,,,,,,,,,14388,6,279,14673,21118,http://www.ieem.org.mx/proceso2021/actasmun/ACM2021_M076.pdf
15,MEXICO,77,SAN MATEO ATENCO,21,100,2769,12175,275,1200,398,8100,9365,1813,908,3785,186,377,65,2,13,38,46,6,53,,,,,,,,,,,,,,,,,41574,35,746,42355,68280,http://www.ieem.org.mx/proceso2021/actasmun/ACM2021_M077.pdf
15,MEXICO,78,SAN SIMON DE GUERRERO,4,9,39,625,1044,10,,,,902,38,99,,31,1,2,10,,,,,1250,,,,,,,,,,,,,,,,4051,0,111,4162,5261,http://www.ieem.org.mx/proceso2021/actasmun/ACM2021_M078.pdf
15,MEXICO,79,SANTO TOMAS,10,19,304,1211,1384,52,,62,,,51,9,,124,8,7,33,,,,,2335,,,,,,,,,,,,,,,,5580,0,166,5746,7536,http://www.ieem.org.mx/proceso2021/actasmun/ACM2021_M079.pdf
15,MEXICO,80,SOYANIQUILPAN DE JUAREZ,7,20,3720,614,12,3594,,6,,5,34,16,,42,53,9,0,,,,,321,,,,,,,,,,,,,,,,8426,0,143,8569,10851,http://www.ieem.org.mx/proceso2021/actasmun/ACM2021_M080.pdf
15,MEXICO,81,SULTEPEC,23,40,303,2295,1074,8616,,,,,,,,87,6,18,16,,,,,820,,,,,,,,,,,,,,,,13235,4,485,13724,19826,http://www.ieem.org.mx/proceso2021/actasmun/ACM2021_M081.pdf
15,MEXICO,82,TECAMAC,188,549,37789,55392,1432,7664,2130,4253,75862,2070,807,2204,2078,,,,,351,410,70,114,,,,,,,,,,,,,,,,,192626,137,4186,196949,346325,http://www.ieem.org.mx/proceso2021/actasmun/ACM2021_M082.pdf
15,MEXICO,83,TEJUPILCO,44,107,611,15752,1248,680,522,,10324,814,327,1492,458,458,54,25,82,34,41,5,17,,,,,,,,,,,,,,,,,32944,7,1049,34000,59069,http://www.ieem.org.mx/proceso2021/actasmun/ACM2021_M083.pdf
15,MEXICO,84,TEMAMATLA,5,17,89,682,158,1251,17,1456,209,591,1507,283,96,21,4,0,3,2,1,0,1,,,,,,,,,,,,,376,,,,6747,0,150,6897,10799,http://www.ieem.org.mx/proceso2021/actasmun/ACM2021_M084.pdf
15,MEXICO,85,TEMASCALAPA,15,46,7112,5751,67,1044,315,51,4082,71,346,71,143,,,,,37,37,3,7,,,,,,,,,,,,,,,,,19137,4,347,19488,29908,http://www.ieem.org.mx/proceso2021/actasmun/ACM2021_M085.pdf
15,MEXICO,86,TEMASCALCINGO,35,90,411,10583,676,9324,277,246,10600,559,456,1142,381,260,33,11,12,26,24,9,33,,,,,,,,,,,,,,,,,35063,43,893,35999,50937,http://www.ieem.org.mx/proceso2021/actasmun/ACM2021_M086.pdf
15,MEXICO,87,TEMASCALTEPEC,23,47,3664,3940,296,1148,149,102,4594,86,420,587,153,149,70,8,5,11,17,0,11,,,,,,,,,,,,,,,,,15410,2,473,15885,25412,http://www.ieem.org.mx/proceso2021/actasmun/ACM2021_M087.pdf
15,MEXICO,88,TEMOAYA,26,115,3653,10535,1203,1643,1423,4410,11280,1570,310,391,354,,,,,171,121,42,42,,,,,,,,,,,,,,,,,37148,14,1060,38222,72314,http://www.ieem.org.mx/proceso2021/actasmun/ACM2021_M088.pdf
15,MEXICO,89,TENANCINGO,36,116,1129,10356,367,6706,582,1973,9248,3611,460,1943,492,244,52,3,12,36,47,8,29,,,,,,,,,,,,,,,,,37298,14,1032,38344,73314,http://www.ieem.org.mx/proceso2021/actasmun/ACM2021_M089.pdf
15,MEXICO,90,TENANGO DEL AIRE,5,15,395,998,18,2465,16,342,871,99,866,222,23,,,,,68,2,0,1,,,,,,,,,,,,,,,,,6386,2,116,6504,8935,http://www.ieem.org.mx/proceso2021/actasmun/ACM2021_M090.pdf
15,MEXICO,91,TENANGO DEL VALLE,27,96,775,5893,4194,2860,4877,2715,7429,634,,922,355,354,25,14,90,134,171,18,23,,,,,,,,,,,,,,,,,30447,51,968,31466,62584,http://www.ieem.org.mx/proceso2021/actasmun/ACM2021_M091.pdf
15,MEXICO,92,TEOLOYUCAN,25,103,6132,3760,602,1461,357,3041,9320,837,505,1579,270,227,54,10,3,39,55,6,22,,,,,,,,,,,,,,,,,28280,5787,1017,35084,67061,http://www.ieem.org.mx/proceso2021/actasmun/ACM2021_M092.pdf
15,MEXICO,93,TEOTIHUACAN,23,75,4052,7661,229,265,253,3125,2649,679,2074,391,131,,,,,8,27,0,5,,,,,,,,,,,,,,1535,,,23084,167,573,23824,46841,http://www.ieem.org.mx/proceso2021/actasmun/ACM2021_M093.pdf
15,MEXICO,94,TEPETLAOXTOC,12,36,3550,4282,49,407,133,72,3186,55,196,2117,359,,,,,11,6,1,10,,,,,,,,,,,,,,,,,14434,8,234,14676,22614,http://www.ieem.org.mx/proceso2021/actasmun/ACM2021_M094.pdf
15,MEXICO,95,TEPETLIXPA,8,23,20,526,627,1535,43,2191,1236,147,981,1993,46,,,,,4,5,0,3,,,,,,,,,,,,,,,239,,9596,1,259,9856,14706,http://www.ieem.org.mx/proceso2021/actasmun/ACM2021_M095.pdf
15,MEXICO,96,TEPOTZOTLAN,26,95,4170,4208,630,2510,268,9675,7750,528,3881,520,534,343,68,19,5,39,29,5,35,,,,,,,,,,,,,,,,,35217,49,753,36019,61533,http://www.ieem.org.mx/proceso2021/actasmun/ACM2021_M096.pdf
15,MEXICO,97,TEQUIXQUIAC,13,45,1374,4096,381,264,87,2929,1874,61,,4582,137,,,,,18,10,3,9,,,,,,,,,,,,,,,,,15825,2109,570,18504,28646,http://www.ieem.org.mx/proceso2021/actasmun/ACM2021_M097.pdf
15,MEXICO,98,TEXCALTITLAN,8,24,446,1434,2912,727,,,,,96,60,,152,14,16,21,,,,,3690,,,,,,,,,,,,,,,,9568,185,267,10020,13926,http://www.ieem.org.mx/proceso2021/actasmun/ACM2021_M098.pdf
15,MEXICO,99,TEXCALYACAC,2,6,5,1042,868,605,46,,410,61,122,5,122,,,,,29,8,4,5,,,,,,,,,,,,,,,,,3332,1,93,3426,4376,http://www.ieem.org.mx/proceso2021/actasmun/ACM2021_M099.pdf
15,MEXICO,100,TEXCOCO,83,319,5084,19318,2364,27833,906,1477,40515,1224,524,1752,1471,,,,,80,118,9,64,,,,,,,,,,,,,,,,,102739,168,2583,105490,206452,http://www.ieem.org.mx/proceso2021/actasmun/ACM2021_M100.pdf
15,MEXICO,101,TEZOYUCA,9,47,5752,3427,604,747,141,378,4657,393,73,193,206,,,,,23,23,3,6,,,,,,,,,,,,,,,,,16626,11,369,17006,32553,http://www.ieem.org.mx/proceso2021/actasmun/ACM2021_M101.pdf
15,MEXICO,102,TIANGUISTENCO,25,97,2506,11818,609,8416,1501,581,6672,161,237,878,385,,,,,101,56,11,16,,,,,,,,,,,,,,,,1172,35120,21,689,35830,57554,http://www.ieem.org.mx/proceso2021/actasmun/ACM2021_M102.pdf
15,MEXICO,103,TIMILPAN,11,24,161,5288,87,512,,234,,,323,368,,113,13,1,1,,,,,3427,,,,,,,,,,,,,,,,10528,2,227,10757,13507,http://www.ieem.org.mx/proceso2021/actasmun/ACM2021_M103.pdf
15,MEXICO,104,TLALMANALCO,21,65,267,3395,3439,3257,155,6180,3690,868,773,429,196,,,,,25,10,2,8,,,,,,,,,,,,,,,,,22694,9,520,23223,38126,http://www.ieem.org.mx/proceso2021/actasmun/ACM2021_M104.pdf
15,MEXICO,105,TLALNEPANTLA DE BAZ,380,951,73625,70947,4240,6918,3890,8398,110142,2927,2078,4462,2636,2460,674,71,50,355,715,43,140,,,,,,,,,,,,,,,,,294771,240,7317,302328,564991,http://www.ieem.org.mx/proceso2021/actasmun/ACM2021_M105.pdf
15,MEXICO,106,TLATLAYA,32,57,104,4323,7189,193,,,,,241,,,211,10,16,130,,,,,5399,,,,,,,,,,,,,,,,17816,0,444,18260,25906,http://www.ieem.org.mx/proceso2021/actasmun/ACM2021_M106.pdf
15,MEXICO,107,TOLUCA,304,1064,46252,109608,4239,12914,6841,8775,132801,9303,5976,6714,4102,3253,977,99,111,639,744,112,239,,,,,,,,,,,,,,,,,353699,380,8651,362730,675652,http://www.ieem.org.mx/proceso2021/actasmun/ACM2021_M107.pdf
15,MEXICO,108,TONATICO,9,21,338,2761,418,27,81,33,2455,112,34,415,64,71,6,2,8,14,3,3,4,,,,,,,,,,,,,,,,,6849,1,151,7001,10885,http://www.ieem.org.mx/proceso2021/actasmun/ACM2021_M108.pdf
15,MEXICO,109,TULTEPEC,30,183,3381,6172,12379,1131,827,1127,28174,1025,3671,867,787,505,25,34,72,97,142,24,30,,,,,,,,,,,,,,,,,60470,34,1397,61901,124337,http://www.ieem.org.mx/proceso2021/actasmun/ACM2021_M109.pdf
15,MEXICO,110,TULTITLAN,183,597,20259,49746,3761,8109,2573,9509,76053,2556,1315,3026,1648,,,,,605,550,30,144,,,,,,,,,,,,,,,,,179884,185,4669,184738,374255,http://www.ieem.org.mx/proceso2021/actasmun/ACM2021_M110.pdf
15,MEXICO,111,VALLE DE BRAVO,31,91,1325,11747,287,3153,498,818,13018,475,1390,388,532,406,111,6,14,104,77,19,68,,,,,,,,,,,,,,,,,34436,17,724,35177,55148,http://www.ieem.org.mx/proceso2021/actasmun/ACM2021_M111.pdf
15,MEXICO,112,VILLA DE ALLENDE,22,61,196,4133,7747,133,307,,7109,3498,315,88,256,259,26,20,145,50,35,11,23,,,,,,,,,,,,,,,,,24351,0,720,25071,35807,http://www.ieem.org.mx/proceso2021/actasmun/ACM2021_M112.pdf
15,MEXICO,113,VILLA DEL CARBON,19,64,4861,9884,55,5134,1188,338,1008,114,931,1293,70,,,,,25,14,5,4,,,,,,,,,,,,,,,,,24924,12,473,25409,35386,http://www.ieem.org.mx/proceso2021/actasmun/ACM2021_M113.pdf
15,MEXICO,114,VILLA GUERRERO,25,72,264,1799,2803,7671,319,7919,4411,88,340,176,269,205,14,16,39,59,27,5,36,,,,,,,,,,,,,,,,,26460,18,671,27149,45006,http://www.ieem.org.mx/proceso2021/actasmun/ACM2021_M114.pdf
15,MEXICO,115,VILLA VICTORIA,48,125,1302,24017,967,2347,501,251,9618,320,361,235,320,157,67,6,23,22,37,12,18,,,,,,,,,,,,,,,,,40581,12,1196,41789,70709,http://www.ieem.org.mx/proceso2021/actasmun/ACM2021_M115.pdf
15,MEXICO,116,XONACATLAN,14,67,3807,3397,2037,2279,506,5583,6352,244,122,3754,144,,,,,119,24,4,5,,,,,,,,,,,,,,,,,28377,9,623,29009,44763,http://www.ieem.org.mx/proceso2021/actasmun/ACM2021_M116.pdf
15,MEXICO,117,ZACAZONAPAN,2,7,72,802,1142,15,12,,635,,42,6,7,27,8,3,29,1,1,0,0,,,,,,,,,,,,,,,,,2802,1,80,2883,3882,http://www.ieem.org.mx/proceso2021/actasmun/ACM2021_M117.pdf
15,MEXICO,118,ZACUALPAN,15,25,357,2655,123,197,,85,,,,822,,133,20,8,8,,,,,2494,,,,,,,,,,,,,,,,6902,38,276,7216,10693,http://www.ieem.org.mx/proceso2021/actasmun/ACM2021_M118.pdf
15,MEXICO,119,ZINACANTEPEC,46,211,5695,23399,589,11287,1604,1972,21889,1437,817,1289,1158,606,297,11,39,127,110,25,76,,,,,,,,,,,,,,,,,72427,50,2084,74561,140290,http://www.ieem.org.mx/proceso2021/actasmun/ACM2021_M119.pdf
15,MEXICO,120,ZUMPAHUACAN,11,23,778,1284,77,178,302,1621,838,758,805,1447,84,95,29,5,0,25,10,4,5,,,,,,,,,,,,,,,,,8345,4,304,8653,12530,http://www.ieem.org.mx/proceso2021/actasmun/ACM2021_M120.pdf
15,MEXICO,121,ZUMPANGO,44,237,10728,13144,13648,1290,1205,1366,27307,960,1190,1613,1315,,,,,103,78,39,53,,,,,,,,,,,,,,,,,74039,75,1697,75811,160031,http://www.ieem.org.mx/proceso2021/actasmun/ACM2021_M121.pdf
15,MEXICO,122,VALLE DE CHALCO SOLIDARIDAD,114,416,2764,12908,29108,12727,1831,3844,60465,1498,1414,1457,1108,530,64,47,274,136,399,22,82,,,,,,,,,,,,,,,,,130678,99,3903,134680,271792,http://www.ieem.org.mx/proceso2021/actasmun/ACM2021_M122.pdf
15,MEXICO,123,LUVIANOS,27,48,312,7737,522,341,,,,,166,109,,210,31,8,36,,,,,2943,,,,,,,,,,,,,,,,12415,9,627,13051,22999,http://www.ieem.org.mx/proceso2021/actasmun/ACM2021_M123.pdf
15,MEXICO,124,SAN JOSE DEL RINCON,43,118,5186,13018,845,10165,235,215,4136,191,236,260,1166,378,248,22,15,82,29,24,59,,,,,,,,,,,,,,,,,36510,4,1248,37762,69764,http://www.ieem.org.mx/proceso2021/actasmun/ACM2021_M124.pdf
15,MEXICO,125,TONANITLA,3,14,84,410,45,32,,893,,1678,1168,1064,,14,2,1,0,,,,,693,,,,,,,,,,,,,,,,6084,8,127,6219,9319,http://www.ieem.org.mx/proceso2021/actasmun/ACM2021_M125.pdf
